resultId,raceId,driverId,constructorId,number,grid,position,positionText,positionOrder,points,laps,time,milliseconds,fastestLap,rank,fastestLapTime,fastestLapSpeed,statusId
17,172000,hakkinen,,,,,,,,,,,,,,,
34,172000,villeneuve,,,,,,,,,,,,,,,
51,172000,ralf_schumacher,,,,,,,,,,,,,,,
68,172000,frentzen,,,,,,,,,,,,,,,
85,172000,button,,,,,,,,,,,,,,,
102,172000,verstappen,,,,,,,,,,,,,,,
119,172000,alesi,,,,,,,,,,,,,,,
136,172000,rosa,,,,,,,,,,,,,,,
153,172000,rosa,,,,,,,,,,,,,,,
170,172000,rosa,,,,,,,,,,,,,,,
187,172000,wurz,,,,,,,,,,,,,,,
204,172000,mazzacane,,,,,,,,,,,,,,,
221,172000,mazzacane,,,,,,,,,,,,,,,
238,172000,barrichello,,,,,,,,,,,,,,,
255,172000,fisichella,,,,,,,,,,,,,,,
272,172000,ralf_schumacher,,,,,,,,,,,,,,,
289,172000,gene,,,,,,,,,,,,,,,
17,172001,hakkinen,,,,,,,,,,,,,,,
34,172001,villeneuve,,,,,,,,,,,,,,,
51,172001,ralf_schumacher,,,,,,,,,,,,,,,
68,172001,frentzen,,,,,,,,,,,,,,,
85,172001,button,,,,,,,,,,,,,,,
102,172001,verstappen,,,,,,,,,,,,,,,
119,172001,alesi,,,,,,,,,,,,,,,
136,172001,rosa,,,,,,,,,,,,,,,
153,172001,rosa,,,,,,,,,,,,,,,
170,172001,rosa,,,,,,,,,,,,,,,
187,172001,wurz,,,,,,,,,,,,,,,
204,172001,mazzacane,,,,,,,,,,,,,,,
221,172001,mazzacane,,,,,,,,,,,,,,,
238,172001,barrichello,,,,,,,,,,,,,,,
255,172001,fisichella,,,,,,,,,,,,,,,
272,172001,ralf_schumacher,,,,,,,,,,,,,,,
289,172001,gene,,,,,,,,,,,,,,,
17,172002,hakkinen,,,,,,,,,,,,,,,
34,172002,villeneuve,,,,,,,,,,,,,,,
51,172002,ralf_schumacher,,,,,,,,,,,,,,,
68,172002,frentzen,,,,,,,,,,,,,,,
85,172002,button,,,,,,,,,,,,,,,
102,172002,verstappen,,,,,,,,,,,,,,,
119,172002,alesi,,,,,,,,,,,,,,,
136,172002,rosa,,,,,,,,,,,,,,,
153,172002,rosa,,,,,,,,,,,,,,,
170,172002,rosa,,,,,,,,,,,,,,,
187,172002,wurz,,,,,,,,,,,,,,,
204,172002,mazzacane,,,,,,,,,,,,,,,
221,172002,mazzacane,,,,,,,,,,,,,,,
238,172002,barrichello,,,,,,,,,,,,,,,
255,172002,fisichella,,,,,,,,,,,,,,,
272,172002,ralf_schumacher,,,,,,,,,,,,,,,
289,172002,gene,,,,,,,,,,,,,,,
17,172003,hakkinen,,,,,,,,,,,,,,,
34,172003,villeneuve,,,,,,,,,,,,,,,
51,172003,ralf_schumacher,,,,,,,,,,,,,,,
68,172003,frentzen,,,,,,,,,,,,,,,
85,172003,button,,,,,,,,,,,,,,,
102,172003,verstappen,,,,,,,,,,,,,,,
119,172003,alesi,,,,,,,,,,,,,,,
136,172003,rosa,,,,,,,,,,,,,,,
153,172003,rosa,,,,,,,,,,,,,,,
170,172003,rosa,,,,,,,,,,,,,,,
187,172003,wurz,,,,,,,,,,,,,,,
204,172003,mazzacane,,,,,,,,,,,,,,,
221,172003,mazzacane,,,,,,,,,,,,,,,
238,172003,barrichello,,,,,,,,,,,,,,,
255,172003,fisichella,,,,,,,,,,,,,,,
272,172003,ralf_schumacher,,,,,,,,,,,,,,,
289,172003,gene,,,,,,,,,,,,,,,
17,172004,hakkinen,,,,,,,,,,,,,,,
34,172004,villeneuve,,,,,,,,,,,,,,,
51,172004,ralf_schumacher,,,,,,,,,,,,,,,
68,172004,frentzen,,,,,,,,,,,,,,,
85,172004,button,,,,,,,,,,,,,,,
102,172004,verstappen,,,,,,,,,,,,,,,
119,172004,alesi,,,,,,,,,,,,,,,
136,172004,rosa,,,,,,,,,,,,,,,
153,172004,rosa,,,,,,,,,,,,,,,
170,172004,rosa,,,,,,,,,,,,,,,
187,172004,wurz,,,,,,,,,,,,,,,
204,172004,mazzacane,,,,,,,,,,,,,,,
221,172004,mazzacane,,,,,,,,,,,,,,,
238,172004,barrichello,,,,,,,,,,,,,,,
255,172004,fisichella,,,,,,,,,,,,,,,
272,172004,ralf_schumacher,,,,,,,,,,,,,,,
289,172004,gene,,,,,,,,,,,,,,,
17,172005,hakkinen,,,,,,,,,,,,,,,
34,172005,villeneuve,,,,,,,,,,,,,,,
51,172005,ralf_schumacher,,,,,,,,,,,,,,,
68,172005,frentzen,,,,,,,,,,,,,,,
85,172005,button,,,,,,,,,,,,,,,
102,172005,verstappen,,,,,,,,,,,,,,,
119,172005,alesi,,,,,,,,,,,,,,,
136,172005,rosa,,,,,,,,,,,,,,,
153,172005,rosa,,,,,,,,,,,,,,,
170,172005,rosa,,,,,,,,,,,,,,,
187,172005,wurz,,,,,,,,,,,,,,,
204,172005,mazzacane,,,,,,,,,,,,,,,
221,172005,mazzacane,,,,,,,,,,,,,,,
238,172005,barrichello,,,,,,,,,,,,,,,
255,172005,fisichella,,,,,,,,,,,,,,,
272,172005,ralf_schumacher,,,,,,,,,,,,,,,
289,172005,gene,,,,,,,,,,,,,,,
17,172006,hakkinen,,,,,,,,,,,,,,,
34,172006,villeneuve,,,,,,,,,,,,,,,
51,172006,ralf_schumacher,,,,,,,,,,,,,,,
68,172006,frentzen,,,,,,,,,,,,,,,
85,172006,button,,,,,,,,,,,,,,,
102,172006,verstappen,,,,,,,,,,,,,,,
119,172006,alesi,,,,,,,,,,,,,,,
136,172006,rosa,,,,,,,,,,,,,,,
153,172006,rosa,,,,,,,,,,,,,,,
170,172006,rosa,,,,,,,,,,,,,,,
187,172006,wurz,,,,,,,,,,,,,,,
204,172006,mazzacane,,,,,,,,,,,,,,,
221,172006,mazzacane,,,,,,,,,,,,,,,
238,172006,barrichello,,,,,,,,,,,,,,,
255,172006,fisichella,,,,,,,,,,,,,,,
272,172006,ralf_schumacher,,,,,,,,,,,,,,,
289,172006,gene,,,,,,,,,,,,,,,
17,172007,hakkinen,,,,,,,,,,,,,,,
34,172007,villeneuve,,,,,,,,,,,,,,,
51,172007,ralf_schumacher,,,,,,,,,,,,,,,
68,172007,frentzen,,,,,,,,,,,,,,,
85,172007,button,,,,,,,,,,,,,,,
102,172007,verstappen,,,,,,,,,,,,,,,
119,172007,alesi,,,,,,,,,,,,,,,
136,172007,rosa,,,,,,,,,,,,,,,
153,172007,rosa,,,,,,,,,,,,,,,
170,172007,rosa,,,,,,,,,,,,,,,
187,172007,wurz,,,,,,,,,,,,,,,
204,172007,mazzacane,,,,,,,,,,,,,,,
221,172007,mazzacane,,,,,,,,,,,,,,,
238,172007,barrichello,,,,,,,,,,,,,,,
255,172007,fisichella,,,,,,,,,,,,,,,
272,172007,ralf_schumacher,,,,,,,,,,,,,,,
289,172007,gene,,,,,,,,,,,,,,,
17,172008,hakkinen,,,,,,,,,,,,,,,
34,172008,villeneuve,,,,,,,,,,,,,,,
51,172008,ralf_schumacher,,,,,,,,,,,,,,,
68,172008,frentzen,,,,,,,,,,,,,,,
85,172008,button,,,,,,,,,,,,,,,
102,172008,verstappen,,,,,,,,,,,,,,,
119,172008,alesi,,,,,,,,,,,,,,,
136,172008,rosa,,,,,,,,,,,,,,,
153,172008,rosa,,,,,,,,,,,,,,,
170,172008,rosa,,,,,,,,,,,,,,,
187,172008,wurz,,,,,,,,,,,,,,,
204,172008,mazzacane,,,,,,,,,,,,,,,
221,172008,mazzacane,,,,,,,,,,,,,,,
238,172008,barrichello,,,,,,,,,,,,,,,
255,172008,fisichella,,,,,,,,,,,,,,,
272,172008,ralf_schumacher,,,,,,,,,,,,,,,
289,172008,gene,,,,,,,,,,,,,,,
17,172009,hakkinen,,,,,,,,,,,,,,,
34,172009,villeneuve,,,,,,,,,,,,,,,
51,172009,ralf_schumacher,,,,,,,,,,,,,,,
68,172009,frentzen,,,,,,,,,,,,,,,
85,172009,button,,,,,,,,,,,,,,,
102,172009,verstappen,,,,,,,,,,,,,,,
119,172009,alesi,,,,,,,,,,,,,,,
136,172009,rosa,,,,,,,,,,,,,,,
153,172009,rosa,,,,,,,,,,,,,,,
170,172009,rosa,,,,,,,,,,,,,,,
187,172009,wurz,,,,,,,,,,,,,,,
204,172009,mazzacane,,,,,,,,,,,,,,,
221,172009,mazzacane,,,,,,,,,,,,,,,
238,172009,barrichello,,,,,,,,,,,,,,,
255,172009,fisichella,,,,,,,,,,,,,,,
272,172009,ralf_schumacher,,,,,,,,,,,,,,,
289,172009,gene,,,,,,,,,,,,,,,
17,172010,hakkinen,,,,,,,,,,,,,,,
34,172010,villeneuve,,,,,,,,,,,,,,,
51,172010,ralf_schumacher,,,,,,,,,,,,,,,
68,172010,frentzen,,,,,,,,,,,,,,,
85,172010,button,,,,,,,,,,,,,,,
102,172010,verstappen,,,,,,,,,,,,,,,
119,172010,alesi,,,,,,,,,,,,,,,
136,172010,rosa,,,,,,,,,,,,,,,
153,172010,rosa,,,,,,,,,,,,,,,
170,172010,rosa,,,,,,,,,,,,,,,
187,172010,wurz,,,,,,,,,,,,,,,
204,172010,mazzacane,,,,,,,,,,,,,,,
221,172010,mazzacane,,,,,,,,,,,,,,,
238,172010,barrichello,,,,,,,,,,,,,,,
255,172010,fisichella,,,,,,,,,,,,,,,
272,172010,ralf_schumacher,,,,,,,,,,,,,,,
289,172010,gene,,,,,,,,,,,,,,,
17,172011,hakkinen,,,,,,,,,,,,,,,
34,172011,villeneuve,,,,,,,,,,,,,,,
51,172011,ralf_schumacher,,,,,,,,,,,,,,,
68,172011,frentzen,,,,,,,,,,,,,,,
85,172011,button,,,,,,,,,,,,,,,
102,172011,verstappen,,,,,,,,,,,,,,,
119,172011,alesi,,,,,,,,,,,,,,,
136,172011,rosa,,,,,,,,,,,,,,,
153,172011,rosa,,,,,,,,,,,,,,,
170,172011,rosa,,,,,,,,,,,,,,,
187,172011,wurz,,,,,,,,,,,,,,,
204,172011,mazzacane,,,,,,,,,,,,,,,
221,172011,mazzacane,,,,,,,,,,,,,,,
238,172011,barrichello,,,,,,,,,,,,,,,
255,172011,fisichella,,,,,,,,,,,,,,,
272,172011,ralf_schumacher,,,,,,,,,,,,,,,
289,172011,gene,,,,,,,,,,,,,,,
17,172012,hakkinen,,,,,,,,,,,,,,,
34,172012,villeneuve,,,,,,,,,,,,,,,
51,172012,ralf_schumacher,,,,,,,,,,,,,,,
68,172012,frentzen,,,,,,,,,,,,,,,
85,172012,button,,,,,,,,,,,,,,,
102,172012,verstappen,,,,,,,,,,,,,,,
119,172012,alesi,,,,,,,,,,,,,,,
136,172012,rosa,,,,,,,,,,,,,,,
153,172012,rosa,,,,,,,,,,,,,,,
170,172012,rosa,,,,,,,,,,,,,,,
187,172012,wurz,,,,,,,,,,,,,,,
204,172012,mazzacane,,,,,,,,,,,,,,,
221,172012,mazzacane,,,,,,,,,,,,,,,
238,172012,barrichello,,,,,,,,,,,,,,,
255,172012,fisichella,,,,,,,,,,,,,,,
272,172012,ralf_schumacher,,,,,,,,,,,,,,,
289,172012,gene,,,,,,,,,,,,,,,
17,172013,hakkinen,,,,,,,,,,,,,,,
34,172013,villeneuve,,,,,,,,,,,,,,,
51,172013,ralf_schumacher,,,,,,,,,,,,,,,
68,172013,frentzen,,,,,,,,,,,,,,,
85,172013,button,,,,,,,,,,,,,,,
102,172013,verstappen,,,,,,,,,,,,,,,
119,172013,alesi,,,,,,,,,,,,,,,
136,172013,rosa,,,,,,,,,,,,,,,
153,172013,rosa,,,,,,,,,,,,,,,
170,172013,rosa,,,,,,,,,,,,,,,
187,172013,wurz,,,,,,,,,,,,,,,
204,172013,mazzacane,,,,,,,,,,,,,,,
221,172013,mazzacane,,,,,,,,,,,,,,,
238,172013,barrichello,,,,,,,,,,,,,,,
255,172013,fisichella,,,,,,,,,,,,,,,
272,172013,ralf_schumacher,,,,,,,,,,,,,,,
289,172013,gene,,,,,,,,,,,,,,,
17,172014,hakkinen,,,,,,,,,,,,,,,
34,172014,villeneuve,,,,,,,,,,,,,,,
51,172014,ralf_schumacher,,,,,,,,,,,,,,,
68,172014,frentzen,,,,,,,,,,,,,,,
85,172014,button,,,,,,,,,,,,,,,
102,172014,verstappen,,,,,,,,,,,,,,,
119,172014,alesi,,,,,,,,,,,,,,,
136,172014,rosa,,,,,,,,,,,,,,,
153,172014,rosa,,,,,,,,,,,,,,,
170,172014,rosa,,,,,,,,,,,,,,,
187,172014,wurz,,,,,,,,,,,,,,,
204,172014,mazzacane,,,,,,,,,,,,,,,
221,172014,mazzacane,,,,,,,,,,,,,,,
238,172014,barrichello,,,,,,,,,,,,,,,
255,172014,fisichella,,,,,,,,,,,,,,,
272,172014,ralf_schumacher,,,,,,,,,,,,,,,
289,172014,gene,,,,,,,,,,,,,,,
17,172015,hakkinen,,,,,,,,,,,,,,,
34,172015,villeneuve,,,,,,,,,,,,,,,
51,172015,ralf_schumacher,,,,,,,,,,,,,,,
68,172015,frentzen,,,,,,,,,,,,,,,
85,172015,button,,,,,,,,,,,,,,,
102,172015,verstappen,,,,,,,,,,,,,,,
119,172015,alesi,,,,,,,,,,,,,,,
136,172015,rosa,,,,,,,,,,,,,,,
153,172015,rosa,,,,,,,,,,,,,,,
170,172015,rosa,,,,,,,,,,,,,,,
187,172015,wurz,,,,,,,,,,,,,,,
204,172015,mazzacane,,,,,,,,,,,,,,,
221,172015,mazzacane,,,,,,,,,,,,,,,
238,172015,barrichello,,,,,,,,,,,,,,,
255,172015,fisichella,,,,,,,,,,,,,,,
272,172015,ralf_schumacher,,,,,,,,,,,,,,,
289,172015,gene,,,,,,,,,,,,,,,
17,172016,hakkinen,,,,,,,,,,,,,,,
34,172016,villeneuve,,,,,,,,,,,,,,,
51,172016,ralf_schumacher,,,,,,,,,,,,,,,
68,172016,frentzen,,,,,,,,,,,,,,,
85,172016,button,,,,,,,,,,,,,,,
102,172016,verstappen,,,,,,,,,,,,,,,
119,172016,alesi,,,,,,,,,,,,,,,
136,172016,rosa,,,,,,,,,,,,,,,
153,172016,rosa,,,,,,,,,,,,,,,
170,172016,rosa,,,,,,,,,,,,,,,
187,172016,wurz,,,,,,,,,,,,,,,
204,172016,mazzacane,,,,,,,,,,,,,,,
221,172016,mazzacane,,,,,,,,,,,,,,,
238,172016,barrichello,,,,,,,,,,,,,,,
255,172016,fisichella,,,,,,,,,,,,,,,
272,172016,ralf_schumacher,,,,,,,,,,,,,,,
289,172016,gene,,,,,,,,,,,,,,,
17,172017,hakkinen,,,,,,,,,,,,,,,
34,172017,villeneuve,,,,,,,,,,,,,,,
51,172017,ralf_schumacher,,,,,,,,,,,,,,,
68,172017,frentzen,,,,,,,,,,,,,,,
85,172017,button,,,,,,,,,,,,,,,
102,172017,verstappen,,,,,,,,,,,,,,,
119,172017,alesi,,,,,,,,,,,,,,,
136,172017,rosa,,,,,,,,,,,,,,,
153,172017,rosa,,,,,,,,,,,,,,,
170,172017,rosa,,,,,,,,,,,,,,,
187,172017,wurz,,,,,,,,,,,,,,,
204,172017,mazzacane,,,,,,,,,,,,,,,
221,172017,mazzacane,,,,,,,,,,,,,,,
238,172017,barrichello,,,,,,,,,,,,,,,
255,172017,fisichella,,,,,,,,,,,,,,,
272,172017,ralf_schumacher,,,,,,,,,,,,,,,
289,172017,gene,,,,,,,,,,,,,,,
17,172018,hakkinen,,,,,,,,,,,,,,,
34,172018,villeneuve,,,,,,,,,,,,,,,
51,172018,ralf_schumacher,,,,,,,,,,,,,,,
68,172018,frentzen,,,,,,,,,,,,,,,
85,172018,button,,,,,,,,,,,,,,,
102,172018,verstappen,,,,,,,,,,,,,,,
119,172018,alesi,,,,,,,,,,,,,,,
136,172018,rosa,,,,,,,,,,,,,,,
153,172018,rosa,,,,,,,,,,,,,,,
170,172018,rosa,,,,,,,,,,,,,,,
187,172018,wurz,,,,,,,,,,,,,,,
204,172018,mazzacane,,,,,,,,,,,,,,,
221,172018,mazzacane,,,,,,,,,,,,,,,
238,172018,barrichello,,,,,,,,,,,,,,,
255,172018,fisichella,,,,,,,,,,,,,,,
272,172018,ralf_schumacher,,,,,,,,,,,,,,,
289,172018,gene,,,,,,,,,,,,,,,
17,172019,hakkinen,,,,,,,,,,,,,,,
34,172019,villeneuve,,,,,,,,,,,,,,,
51,172019,ralf_schumacher,,,,,,,,,,,,,,,
68,172019,frentzen,,,,,,,,,,,,,,,
85,172019,button,,,,,,,,,,,,,,,
102,172019,verstappen,,,,,,,,,,,,,,,
119,172019,alesi,,,,,,,,,,,,,,,
136,172019,rosa,,,,,,,,,,,,,,,
153,172019,rosa,,,,,,,,,,,,,,,
170,172019,rosa,,,,,,,,,,,,,,,
187,172019,wurz,,,,,,,,,,,,,,,
204,172019,mazzacane,,,,,,,,,,,,,,,
221,172019,mazzacane,,,,,,,,,,,,,,,
238,172019,barrichello,,,,,,,,,,,,,,,
255,172019,fisichella,,,,,,,,,,,,,,,
272,172019,ralf_schumacher,,,,,,,,,,,,,,,
289,172019,gene,,,,,,,,,,,,,,,
17,172020,hakkinen,,,,,,,,,,,,,,,
34,172020,villeneuve,,,,,,,,,,,,,,,
51,172020,ralf_schumacher,,,,,,,,,,,,,,,
68,172020,frentzen,,,,,,,,,,,,,,,
85,172020,button,,,,,,,,,,,,,,,
102,172020,verstappen,,,,,,,,,,,,,,,
119,172020,alesi,,,,,,,,,,,,,,,
136,172020,rosa,,,,,,,,,,,,,,,
153,172020,rosa,,,,,,,,,,,,,,,
170,172020,rosa,,,,,,,,,,,,,,,
187,172020,wurz,,,,,,,,,,,,,,,
204,172020,mazzacane,,,,,,,,,,,,,,,
221,172020,mazzacane,,,,,,,,,,,,,,,
238,172020,barrichello,,,,,,,,,,,,,,,
255,172020,fisichella,,,,,,,,,,,,,,,
272,172020,ralf_schumacher,,,,,,,,,,,,,,,
289,172020,gene,,,,,,,,,,,,,,,
17,172021,hakkinen,,,,,,,,,,,,,,,
34,172021,villeneuve,,,,,,,,,,,,,,,
51,172021,ralf_schumacher,,,,,,,,,,,,,,,
68,172021,frentzen,,,,,,,,,,,,,,,
85,172021,button,,,,,,,,,,,,,,,
102,172021,verstappen,,,,,,,,,,,,,,,
119,172021,alesi,,,,,,,,,,,,,,,
136,172021,rosa,,,,,,,,,,,,,,,
153,172021,rosa,,,,,,,,,,,,,,,
170,172021,rosa,,,,,,,,,,,,,,,
187,172021,wurz,,,,,,,,,,,,,,,
204,172021,mazzacane,,,,,,,,,,,,,,,
221,172021,mazzacane,,,,,,,,,,,,,,,
238,172021,barrichello,,,,,,,,,,,,,,,
255,172021,fisichella,,,,,,,,,,,,,,,
272,172021,ralf_schumacher,,,,,,,,,,,,,,,
289,172021,gene,,,,,,,,,,,,,,,
17,172022,hakkinen,,,,,,,,,,,,,,,
34,172022,villeneuve,,,,,,,,,,,,,,,
51,172022,ralf_schumacher,,,,,,,,,,,,,,,
68,172022,frentzen,,,,,,,,,,,,,,,
85,172022,button,,,,,,,,,,,,,,,
102,172022,verstappen,,,,,,,,,,,,,,,
119,172022,alesi,,,,,,,,,,,,,,,
136,172022,rosa,,,,,,,,,,,,,,,
153,172022,rosa,,,,,,,,,,,,,,,
170,172022,rosa,,,,,,,,,,,,,,,
187,172022,wurz,,,,,,,,,,,,,,,
204,172022,mazzacane,,,,,,,,,,,,,,,
221,172022,mazzacane,,,,,,,,,,,,,,,
238,172022,barrichello,,,,,,,,,,,,,,,
255,172022,fisichella,,,,,,,,,,,,,,,
272,172022,ralf_schumacher,,,,,,,,,,,,,,,
289,172022,gene,,,,,,,,,,,,,,,
17,172000,hakkinen,,,,,,,,,,,,,,,
34,172000,heidfeld,,,,,,,,,,,,,,,
51,172000,verstappen,,,,,,,,,,,,,,,
68,172000,villeneuve,,,,,,,,,,,,,,,
85,172000,barrichello,,,,,,,,,,,,,,,
102,172000,bernoldi,,,,,,,,,,,,,,,
119,172000,burti,,,,,,,,,,,,,,,
136,172000,barrichello,,,,,,,,,,,,,,,
153,172000,heidfeld,,,,,,,,,,,,,,,
170,172000,alonso,,,,,,,,,,,,,,,
187,172000,ralf_schumacher,,,,,,,,,,,,,,,
204,172000,raikkonen,,,,,,,,,,,,,,,
221,172000,trulli,,,,,,,,,,,,,,,
238,172000,rosa,,,,,,,,,,,,,,,
255,172000,verstappen,,,,,,,,,,,,,,,
272,172000,verstappen,,,,,,,,,,,,,,,
289,172000,fisichella,,,,,,,,,,,,,,,
17,172001,hakkinen,,,,,,,,,,,,,,,
34,172001,heidfeld,,,,,,,,,,,,,,,
51,172001,verstappen,,,,,,,,,,,,,,,
68,172001,villeneuve,,,,,,,,,,,,,,,
85,172001,barrichello,,,,,,,,,,,,,,,
102,172001,bernoldi,,,,,,,,,,,,,,,
119,172001,burti,,,,,,,,,,,,,,,
136,172001,barrichello,,,,,,,,,,,,,,,
153,172001,heidfeld,,,,,,,,,,,,,,,
170,172001,alonso,,,,,,,,,,,,,,,
187,172001,ralf_schumacher,,,,,,,,,,,,,,,
204,172001,raikkonen,,,,,,,,,,,,,,,
221,172001,trulli,,,,,,,,,,,,,,,
238,172001,rosa,,,,,,,,,,,,,,,
255,172001,verstappen,,,,,,,,,,,,,,,
272,172001,verstappen,,,,,,,,,,,,,,,
289,172001,fisichella,,,,,,,,,,,,,,,
17,172002,hakkinen,,,,,,,,,,,,,,,
34,172002,heidfeld,,,,,,,,,,,,,,,
51,172002,verstappen,,,,,,,,,,,,,,,
68,172002,villeneuve,,,,,,,,,,,,,,,
85,172002,barrichello,,,,,,,,,,,,,,,
102,172002,bernoldi,,,,,,,,,,,,,,,
119,172002,burti,,,,,,,,,,,,,,,
136,172002,barrichello,,,,,,,,,,,,,,,
153,172002,heidfeld,,,,,,,,,,,,,,,
170,172002,alonso,,,,,,,,,,,,,,,
187,172002,ralf_schumacher,,,,,,,,,,,,,,,
204,172002,raikkonen,,,,,,,,,,,,,,,
221,172002,trulli,,,,,,,,,,,,,,,
238,172002,rosa,,,,,,,,,,,,,,,
255,172002,verstappen,,,,,,,,,,,,,,,
272,172002,verstappen,,,,,,,,,,,,,,,
289,172002,fisichella,,,,,,,,,,,,,,,
17,172003,hakkinen,,,,,,,,,,,,,,,
34,172003,heidfeld,,,,,,,,,,,,,,,
51,172003,verstappen,,,,,,,,,,,,,,,
68,172003,villeneuve,,,,,,,,,,,,,,,
85,172003,barrichello,,,,,,,,,,,,,,,
102,172003,bernoldi,,,,,,,,,,,,,,,
119,172003,burti,,,,,,,,,,,,,,,
136,172003,barrichello,,,,,,,,,,,,,,,
153,172003,heidfeld,,,,,,,,,,,,,,,
170,172003,alonso,,,,,,,,,,,,,,,
187,172003,ralf_schumacher,,,,,,,,,,,,,,,
204,172003,raikkonen,,,,,,,,,,,,,,,
221,172003,trulli,,,,,,,,,,,,,,,
238,172003,rosa,,,,,,,,,,,,,,,
255,172003,verstappen,,,,,,,,,,,,,,,
272,172003,verstappen,,,,,,,,,,,,,,,
289,172003,fisichella,,,,,,,,,,,,,,,
17,172004,hakkinen,,,,,,,,,,,,,,,
34,172004,heidfeld,,,,,,,,,,,,,,,
51,172004,verstappen,,,,,,,,,,,,,,,
68,172004,villeneuve,,,,,,,,,,,,,,,
85,172004,barrichello,,,,,,,,,,,,,,,
102,172004,bernoldi,,,,,,,,,,,,,,,
119,172004,burti,,,,,,,,,,,,,,,
136,172004,barrichello,,,,,,,,,,,,,,,
153,172004,heidfeld,,,,,,,,,,,,,,,
170,172004,alonso,,,,,,,,,,,,,,,
187,172004,ralf_schumacher,,,,,,,,,,,,,,,
204,172004,raikkonen,,,,,,,,,,,,,,,
221,172004,trulli,,,,,,,,,,,,,,,
238,172004,rosa,,,,,,,,,,,,,,,
255,172004,verstappen,,,,,,,,,,,,,,,
272,172004,verstappen,,,,,,,,,,,,,,,
289,172004,fisichella,,,,,,,,,,,,,,,
17,172005,hakkinen,,,,,,,,,,,,,,,
34,172005,heidfeld,,,,,,,,,,,,,,,
51,172005,verstappen,,,,,,,,,,,,,,,
68,172005,villeneuve,,,,,,,,,,,,,,,
85,172005,barrichello,,,,,,,,,,,,,,,
102,172005,bernoldi,,,,,,,,,,,,,,,
119,172005,burti,,,,,,,,,,,,,,,
136,172005,barrichello,,,,,,,,,,,,,,,
153,172005,heidfeld,,,,,,,,,,,,,,,
170,172005,alonso,,,,,,,,,,,,,,,
187,172005,ralf_schumacher,,,,,,,,,,,,,,,
204,172005,raikkonen,,,,,,,,,,,,,,,
221,172005,trulli,,,,,,,,,,,,,,,
238,172005,rosa,,,,,,,,,,,,,,,
255,172005,verstappen,,,,,,,,,,,,,,,
272,172005,verstappen,,,,,,,,,,,,,,,
289,172005,fisichella,,,,,,,,,,,,,,,
17,172006,hakkinen,,,,,,,,,,,,,,,
34,172006,heidfeld,,,,,,,,,,,,,,,
51,172006,verstappen,,,,,,,,,,,,,,,
68,172006,villeneuve,,,,,,,,,,,,,,,
85,172006,barrichello,,,,,,,,,,,,,,,
102,172006,bernoldi,,,,,,,,,,,,,,,
119,172006,burti,,,,,,,,,,,,,,,
136,172006,barrichello,,,,,,,,,,,,,,,
153,172006,heidfeld,,,,,,,,,,,,,,,
170,172006,alonso,,,,,,,,,,,,,,,
187,172006,ralf_schumacher,,,,,,,,,,,,,,,
204,172006,raikkonen,,,,,,,,,,,,,,,
221,172006,trulli,,,,,,,,,,,,,,,
238,172006,rosa,,,,,,,,,,,,,,,
255,172006,verstappen,,,,,,,,,,,,,,,
272,172006,verstappen,,,,,,,,,,,,,,,
289,172006,fisichella,,,,,,,,,,,,,,,
17,172007,hakkinen,,,,,,,,,,,,,,,
34,172007,heidfeld,,,,,,,,,,,,,,,
51,172007,verstappen,,,,,,,,,,,,,,,
68,172007,villeneuve,,,,,,,,,,,,,,,
85,172007,barrichello,,,,,,,,,,,,,,,
102,172007,bernoldi,,,,,,,,,,,,,,,
119,172007,burti,,,,,,,,,,,,,,,
136,172007,barrichello,,,,,,,,,,,,,,,
153,172007,heidfeld,,,,,,,,,,,,,,,
170,172007,alonso,,,,,,,,,,,,,,,
187,172007,ralf_schumacher,,,,,,,,,,,,,,,
204,172007,raikkonen,,,,,,,,,,,,,,,
221,172007,trulli,,,,,,,,,,,,,,,
238,172007,rosa,,,,,,,,,,,,,,,
255,172007,verstappen,,,,,,,,,,,,,,,
272,172007,verstappen,,,,,,,,,,,,,,,
289,172007,fisichella,,,,,,,,,,,,,,,
17,172008,hakkinen,,,,,,,,,,,,,,,
34,172008,heidfeld,,,,,,,,,,,,,,,
51,172008,verstappen,,,,,,,,,,,,,,,
68,172008,villeneuve,,,,,,,,,,,,,,,
85,172008,barrichello,,,,,,,,,,,,,,,
102,172008,bernoldi,,,,,,,,,,,,,,,
119,172008,burti,,,,,,,,,,,,,,,
136,172008,barrichello,,,,,,,,,,,,,,,
153,172008,heidfeld,,,,,,,,,,,,,,,
170,172008,alonso,,,,,,,,,,,,,,,
187,172008,ralf_schumacher,,,,,,,,,,,,,,,
204,172008,raikkonen,,,,,,,,,,,,,,,
221,172008,trulli,,,,,,,,,,,,,,,
238,172008,rosa,,,,,,,,,,,,,,,
255,172008,verstappen,,,,,,,,,,,,,,,
272,172008,verstappen,,,,,,,,,,,,,,,
289,172008,fisichella,,,,,,,,,,,,,,,
17,172009,hakkinen,,,,,,,,,,,,,,,
34,172009,heidfeld,,,,,,,,,,,,,,,
51,172009,verstappen,,,,,,,,,,,,,,,
68,172009,villeneuve,,,,,,,,,,,,,,,
85,172009,barrichello,,,,,,,,,,,,,,,
102,172009,bernoldi,,,,,,,,,,,,,,,
119,172009,burti,,,,,,,,,,,,,,,
136,172009,barrichello,,,,,,,,,,,,,,,
153,172009,heidfeld,,,,,,,,,,,,,,,
170,172009,alonso,,,,,,,,,,,,,,,
187,172009,ralf_schumacher,,,,,,,,,,,,,,,
204,172009,raikkonen,,,,,,,,,,,,,,,
221,172009,trulli,,,,,,,,,,,,,,,
238,172009,rosa,,,,,,,,,,,,,,,
255,172009,verstappen,,,,,,,,,,,,,,,
272,172009,verstappen,,,,,,,,,,,,,,,
289,172009,fisichella,,,,,,,,,,,,,,,
17,172010,hakkinen,,,,,,,,,,,,,,,
34,172010,heidfeld,,,,,,,,,,,,,,,
51,172010,verstappen,,,,,,,,,,,,,,,
68,172010,villeneuve,,,,,,,,,,,,,,,
85,172010,barrichello,,,,,,,,,,,,,,,
102,172010,bernoldi,,,,,,,,,,,,,,,
119,172010,burti,,,,,,,,,,,,,,,
136,172010,barrichello,,,,,,,,,,,,,,,
153,172010,heidfeld,,,,,,,,,,,,,,,
170,172010,alonso,,,,,,,,,,,,,,,
187,172010,ralf_schumacher,,,,,,,,,,,,,,,
204,172010,raikkonen,,,,,,,,,,,,,,,
221,172010,trulli,,,,,,,,,,,,,,,
238,172010,rosa,,,,,,,,,,,,,,,
255,172010,verstappen,,,,,,,,,,,,,,,
272,172010,verstappen,,,,,,,,,,,,,,,
289,172010,fisichella,,,,,,,,,,,,,,,
17,172011,hakkinen,,,,,,,,,,,,,,,
34,172011,heidfeld,,,,,,,,,,,,,,,
51,172011,verstappen,,,,,,,,,,,,,,,
68,172011,villeneuve,,,,,,,,,,,,,,,
85,172011,barrichello,,,,,,,,,,,,,,,
102,172011,bernoldi,,,,,,,,,,,,,,,
119,172011,burti,,,,,,,,,,,,,,,
136,172011,barrichello,,,,,,,,,,,,,,,
153,172011,heidfeld,,,,,,,,,,,,,,,
170,172011,alonso,,,,,,,,,,,,,,,
187,172011,ralf_schumacher,,,,,,,,,,,,,,,
204,172011,raikkonen,,,,,,,,,,,,,,,
221,172011,trulli,,,,,,,,,,,,,,,
238,172011,rosa,,,,,,,,,,,,,,,
255,172011,verstappen,,,,,,,,,,,,,,,
272,172011,verstappen,,,,,,,,,,,,,,,
289,172011,fisichella,,,,,,,,,,,,,,,
17,172012,hakkinen,,,,,,,,,,,,,,,
34,172012,heidfeld,,,,,,,,,,,,,,,
51,172012,verstappen,,,,,,,,,,,,,,,
68,172012,villeneuve,,,,,,,,,,,,,,,
85,172012,barrichello,,,,,,,,,,,,,,,
102,172012,bernoldi,,,,,,,,,,,,,,,
119,172012,burti,,,,,,,,,,,,,,,
136,172012,barrichello,,,,,,,,,,,,,,,
153,172012,heidfeld,,,,,,,,,,,,,,,
170,172012,alonso,,,,,,,,,,,,,,,
187,172012,ralf_schumacher,,,,,,,,,,,,,,,
204,172012,raikkonen,,,,,,,,,,,,,,,
221,172012,trulli,,,,,,,,,,,,,,,
238,172012,rosa,,,,,,,,,,,,,,,
255,172012,verstappen,,,,,,,,,,,,,,,
272,172012,verstappen,,,,,,,,,,,,,,,
289,172012,fisichella,,,,,,,,,,,,,,,
17,172013,hakkinen,,,,,,,,,,,,,,,
34,172013,heidfeld,,,,,,,,,,,,,,,
51,172013,verstappen,,,,,,,,,,,,,,,
68,172013,villeneuve,,,,,,,,,,,,,,,
85,172013,barrichello,,,,,,,,,,,,,,,
102,172013,bernoldi,,,,,,,,,,,,,,,
119,172013,burti,,,,,,,,,,,,,,,
136,172013,barrichello,,,,,,,,,,,,,,,
153,172013,heidfeld,,,,,,,,,,,,,,,
170,172013,alonso,,,,,,,,,,,,,,,
187,172013,ralf_schumacher,,,,,,,,,,,,,,,
204,172013,raikkonen,,,,,,,,,,,,,,,
221,172013,trulli,,,,,,,,,,,,,,,
238,172013,rosa,,,,,,,,,,,,,,,
255,172013,verstappen,,,,,,,,,,,,,,,
272,172013,verstappen,,,,,,,,,,,,,,,
289,172013,fisichella,,,,,,,,,,,,,,,
17,172014,hakkinen,,,,,,,,,,,,,,,
34,172014,heidfeld,,,,,,,,,,,,,,,
51,172014,verstappen,,,,,,,,,,,,,,,
68,172014,villeneuve,,,,,,,,,,,,,,,
85,172014,barrichello,,,,,,,,,,,,,,,
102,172014,bernoldi,,,,,,,,,,,,,,,
119,172014,burti,,,,,,,,,,,,,,,
136,172014,barrichello,,,,,,,,,,,,,,,
153,172014,heidfeld,,,,,,,,,,,,,,,
170,172014,alonso,,,,,,,,,,,,,,,
187,172014,ralf_schumacher,,,,,,,,,,,,,,,
204,172014,raikkonen,,,,,,,,,,,,,,,
221,172014,trulli,,,,,,,,,,,,,,,
238,172014,rosa,,,,,,,,,,,,,,,
255,172014,verstappen,,,,,,,,,,,,,,,
272,172014,verstappen,,,,,,,,,,,,,,,
289,172014,fisichella,,,,,,,,,,,,,,,
17,172015,hakkinen,,,,,,,,,,,,,,,
34,172015,heidfeld,,,,,,,,,,,,,,,
51,172015,verstappen,,,,,,,,,,,,,,,
68,172015,villeneuve,,,,,,,,,,,,,,,
85,172015,barrichello,,,,,,,,,,,,,,,
102,172015,bernoldi,,,,,,,,,,,,,,,
119,172015,burti,,,,,,,,,,,,,,,
136,172015,barrichello,,,,,,,,,,,,,,,
153,172015,heidfeld,,,,,,,,,,,,,,,
170,172015,alonso,,,,,,,,,,,,,,,
187,172015,ralf_schumacher,,,,,,,,,,,,,,,
204,172015,raikkonen,,,,,,,,,,,,,,,
221,172015,trulli,,,,,,,,,,,,,,,
238,172015,rosa,,,,,,,,,,,,,,,
255,172015,verstappen,,,,,,,,,,,,,,,
272,172015,verstappen,,,,,,,,,,,,,,,
289,172015,fisichella,,,,,,,,,,,,,,,
17,172016,hakkinen,,,,,,,,,,,,,,,
34,172016,heidfeld,,,,,,,,,,,,,,,
51,172016,verstappen,,,,,,,,,,,,,,,
68,172016,villeneuve,,,,,,,,,,,,,,,
85,172016,barrichello,,,,,,,,,,,,,,,
102,172016,bernoldi,,,,,,,,,,,,,,,
119,172016,burti,,,,,,,,,,,,,,,
136,172016,barrichello,,,,,,,,,,,,,,,
153,172016,heidfeld,,,,,,,,,,,,,,,
170,172016,alonso,,,,,,,,,,,,,,,
187,172016,ralf_schumacher,,,,,,,,,,,,,,,
204,172016,raikkonen,,,,,,,,,,,,,,,
221,172016,trulli,,,,,,,,,,,,,,,
238,172016,rosa,,,,,,,,,,,,,,,
255,172016,verstappen,,,,,,,,,,,,,,,
272,172016,verstappen,,,,,,,,,,,,,,,
289,172016,fisichella,,,,,,,,,,,,,,,
17,172017,hakkinen,,,,,,,,,,,,,,,
34,172017,heidfeld,,,,,,,,,,,,,,,
51,172017,verstappen,,,,,,,,,,,,,,,
68,172017,villeneuve,,,,,,,,,,,,,,,
85,172017,barrichello,,,,,,,,,,,,,,,
102,172017,bernoldi,,,,,,,,,,,,,,,
119,172017,burti,,,,,,,,,,,,,,,
136,172017,barrichello,,,,,,,,,,,,,,,
153,172017,heidfeld,,,,,,,,,,,,,,,
170,172017,alonso,,,,,,,,,,,,,,,
187,172017,ralf_schumacher,,,,,,,,,,,,,,,
204,172017,raikkonen,,,,,,,,,,,,,,,
221,172017,trulli,,,,,,,,,,,,,,,
238,172017,rosa,,,,,,,,,,,,,,,
255,172017,verstappen,,,,,,,,,,,,,,,
272,172017,verstappen,,,,,,,,,,,,,,,
289,172017,fisichella,,,,,,,,,,,,,,,
17,172018,hakkinen,,,,,,,,,,,,,,,
34,172018,heidfeld,,,,,,,,,,,,,,,
51,172018,verstappen,,,,,,,,,,,,,,,
68,172018,villeneuve,,,,,,,,,,,,,,,
85,172018,barrichello,,,,,,,,,,,,,,,
102,172018,bernoldi,,,,,,,,,,,,,,,
119,172018,burti,,,,,,,,,,,,,,,
136,172018,barrichello,,,,,,,,,,,,,,,
153,172018,heidfeld,,,,,,,,,,,,,,,
170,172018,alonso,,,,,,,,,,,,,,,
187,172018,ralf_schumacher,,,,,,,,,,,,,,,
204,172018,raikkonen,,,,,,,,,,,,,,,
221,172018,trulli,,,,,,,,,,,,,,,
238,172018,rosa,,,,,,,,,,,,,,,
255,172018,verstappen,,,,,,,,,,,,,,,
272,172018,verstappen,,,,,,,,,,,,,,,
289,172018,fisichella,,,,,,,,,,,,,,,
17,172019,hakkinen,,,,,,,,,,,,,,,
34,172019,heidfeld,,,,,,,,,,,,,,,
51,172019,verstappen,,,,,,,,,,,,,,,
68,172019,villeneuve,,,,,,,,,,,,,,,
85,172019,barrichello,,,,,,,,,,,,,,,
102,172019,bernoldi,,,,,,,,,,,,,,,
119,172019,burti,,,,,,,,,,,,,,,
136,172019,barrichello,,,,,,,,,,,,,,,
153,172019,heidfeld,,,,,,,,,,,,,,,
170,172019,alonso,,,,,,,,,,,,,,,
187,172019,ralf_schumacher,,,,,,,,,,,,,,,
204,172019,raikkonen,,,,,,,,,,,,,,,
221,172019,trulli,,,,,,,,,,,,,,,
238,172019,rosa,,,,,,,,,,,,,,,
255,172019,verstappen,,,,,,,,,,,,,,,
272,172019,verstappen,,,,,,,,,,,,,,,
289,172019,fisichella,,,,,,,,,,,,,,,
17,172020,hakkinen,,,,,,,,,,,,,,,
34,172020,heidfeld,,,,,,,,,,,,,,,
51,172020,verstappen,,,,,,,,,,,,,,,
68,172020,villeneuve,,,,,,,,,,,,,,,
85,172020,barrichello,,,,,,,,,,,,,,,
102,172020,bernoldi,,,,,,,,,,,,,,,
119,172020,burti,,,,,,,,,,,,,,,
136,172020,barrichello,,,,,,,,,,,,,,,
153,172020,heidfeld,,,,,,,,,,,,,,,
170,172020,alonso,,,,,,,,,,,,,,,
187,172020,ralf_schumacher,,,,,,,,,,,,,,,
204,172020,raikkonen,,,,,,,,,,,,,,,
221,172020,trulli,,,,,,,,,,,,,,,
238,172020,rosa,,,,,,,,,,,,,,,
255,172020,verstappen,,,,,,,,,,,,,,,
272,172020,verstappen,,,,,,,,,,,,,,,
289,172020,fisichella,,,,,,,,,,,,,,,
17,172021,hakkinen,,,,,,,,,,,,,,,
34,172021,heidfeld,,,,,,,,,,,,,,,
51,172021,verstappen,,,,,,,,,,,,,,,
68,172021,villeneuve,,,,,,,,,,,,,,,
85,172021,barrichello,,,,,,,,,,,,,,,
102,172021,bernoldi,,,,,,,,,,,,,,,
119,172021,burti,,,,,,,,,,,,,,,
136,172021,barrichello,,,,,,,,,,,,,,,
153,172021,heidfeld,,,,,,,,,,,,,,,
170,172021,alonso,,,,,,,,,,,,,,,
187,172021,ralf_schumacher,,,,,,,,,,,,,,,
204,172021,raikkonen,,,,,,,,,,,,,,,
221,172021,trulli,,,,,,,,,,,,,,,
238,172021,rosa,,,,,,,,,,,,,,,
255,172021,verstappen,,,,,,,,,,,,,,,
272,172021,verstappen,,,,,,,,,,,,,,,
289,172021,fisichella,,,,,,,,,,,,,,,
17,172022,hakkinen,,,,,,,,,,,,,,,
34,172022,heidfeld,,,,,,,,,,,,,,,
51,172022,verstappen,,,,,,,,,,,,,,,
68,172022,villeneuve,,,,,,,,,,,,,,,
85,172022,barrichello,,,,,,,,,,,,,,,
102,172022,bernoldi,,,,,,,,,,,,,,,
119,172022,burti,,,,,,,,,,,,,,,
136,172022,barrichello,,,,,,,,,,,,,,,
153,172022,heidfeld,,,,,,,,,,,,,,,
170,172022,alonso,,,,,,,,,,,,,,,
187,172022,ralf_schumacher,,,,,,,,,,,,,,,
204,172022,raikkonen,,,,,,,,,,,,,,,
221,172022,trulli,,,,,,,,,,,,,,,
238,172022,rosa,,,,,,,,,,,,,,,
255,172022,verstappen,,,,,,,,,,,,,,,
272,172022,verstappen,,,,,,,,,,,,,,,
289,172022,fisichella,,,,,,,,,,,,,,,
17,172000,fisichella,,,,,,,,,,,,,,,
34,172000,yoong,,,,,,,,,,,,,,,
51,172000,mcnish,,,,,,,,,,,,,,,
68,172000,salo,,,,,,,,,,,,,,,
85,172000,fisichella,,,,,,,,,,,,,,,
102,172000,sato,,,,,,,,,,,,,,,
119,172000,montoya,,,,,,,,,,,,,,,
136,172000,mcnish,,,,,,,,,,,,,,,
153,172000,salo,,,,,,,,,,,,,,,
170,172000,irvine,,,,,,,,,,,,,,,
187,172000,panis,,,,,,,,,,,,,,,
204,172000,button,,,,,,,,,,,,,,,
221,172000,davidson,,,,,,,,,,,,,,,
238,172000,trulli,,,,,,,,,,,,,,,
255,172000,massa,,,,,,,,,,,,,,,
272,172000,raikkonen,,,,,,,,,,,,,,,
289,172000,panis,,,,,,,,,,,,,,,
17,172001,fisichella,,,,,,,,,,,,,,,
34,172001,yoong,,,,,,,,,,,,,,,
51,172001,mcnish,,,,,,,,,,,,,,,
68,172001,salo,,,,,,,,,,,,,,,
85,172001,fisichella,,,,,,,,,,,,,,,
102,172001,sato,,,,,,,,,,,,,,,
119,172001,montoya,,,,,,,,,,,,,,,
136,172001,mcnish,,,,,,,,,,,,,,,
153,172001,salo,,,,,,,,,,,,,,,
170,172001,irvine,,,,,,,,,,,,,,,
187,172001,panis,,,,,,,,,,,,,,,
204,172001,button,,,,,,,,,,,,,,,
221,172001,davidson,,,,,,,,,,,,,,,
238,172001,trulli,,,,,,,,,,,,,,,
255,172001,massa,,,,,,,,,,,,,,,
272,172001,raikkonen,,,,,,,,,,,,,,,
289,172001,panis,,,,,,,,,,,,,,,
17,172002,fisichella,,,,,,,,,,,,,,,
34,172002,yoong,,,,,,,,,,,,,,,
51,172002,mcnish,,,,,,,,,,,,,,,
68,172002,salo,,,,,,,,,,,,,,,
85,172002,fisichella,,,,,,,,,,,,,,,
102,172002,sato,,,,,,,,,,,,,,,
119,172002,montoya,,,,,,,,,,,,,,,
136,172002,mcnish,,,,,,,,,,,,,,,
153,172002,salo,,,,,,,,,,,,,,,
170,172002,irvine,,,,,,,,,,,,,,,
187,172002,panis,,,,,,,,,,,,,,,
204,172002,button,,,,,,,,,,,,,,,
221,172002,davidson,,,,,,,,,,,,,,,
238,172002,trulli,,,,,,,,,,,,,,,
255,172002,massa,,,,,,,,,,,,,,,
272,172002,raikkonen,,,,,,,,,,,,,,,
289,172002,panis,,,,,,,,,,,,,,,
17,172003,fisichella,,,,,,,,,,,,,,,
34,172003,yoong,,,,,,,,,,,,,,,
51,172003,mcnish,,,,,,,,,,,,,,,
68,172003,salo,,,,,,,,,,,,,,,
85,172003,fisichella,,,,,,,,,,,,,,,
102,172003,sato,,,,,,,,,,,,,,,
119,172003,montoya,,,,,,,,,,,,,,,
136,172003,mcnish,,,,,,,,,,,,,,,
153,172003,salo,,,,,,,,,,,,,,,
170,172003,irvine,,,,,,,,,,,,,,,
187,172003,panis,,,,,,,,,,,,,,,
204,172003,button,,,,,,,,,,,,,,,
221,172003,davidson,,,,,,,,,,,,,,,
238,172003,trulli,,,,,,,,,,,,,,,
255,172003,massa,,,,,,,,,,,,,,,
272,172003,raikkonen,,,,,,,,,,,,,,,
289,172003,panis,,,,,,,,,,,,,,,
17,172004,fisichella,,,,,,,,,,,,,,,
34,172004,yoong,,,,,,,,,,,,,,,
51,172004,mcnish,,,,,,,,,,,,,,,
68,172004,salo,,,,,,,,,,,,,,,
85,172004,fisichella,,,,,,,,,,,,,,,
102,172004,sato,,,,,,,,,,,,,,,
119,172004,montoya,,,,,,,,,,,,,,,
136,172004,mcnish,,,,,,,,,,,,,,,
153,172004,salo,,,,,,,,,,,,,,,
170,172004,irvine,,,,,,,,,,,,,,,
187,172004,panis,,,,,,,,,,,,,,,
204,172004,button,,,,,,,,,,,,,,,
221,172004,davidson,,,,,,,,,,,,,,,
238,172004,trulli,,,,,,,,,,,,,,,
255,172004,massa,,,,,,,,,,,,,,,
272,172004,raikkonen,,,,,,,,,,,,,,,
289,172004,panis,,,,,,,,,,,,,,,
17,172005,fisichella,,,,,,,,,,,,,,,
34,172005,yoong,,,,,,,,,,,,,,,
51,172005,mcnish,,,,,,,,,,,,,,,
68,172005,salo,,,,,,,,,,,,,,,
85,172005,fisichella,,,,,,,,,,,,,,,
102,172005,sato,,,,,,,,,,,,,,,
119,172005,montoya,,,,,,,,,,,,,,,
136,172005,mcnish,,,,,,,,,,,,,,,
153,172005,salo,,,,,,,,,,,,,,,
170,172005,irvine,,,,,,,,,,,,,,,
187,172005,panis,,,,,,,,,,,,,,,
204,172005,button,,,,,,,,,,,,,,,
221,172005,davidson,,,,,,,,,,,,,,,
238,172005,trulli,,,,,,,,,,,,,,,
255,172005,massa,,,,,,,,,,,,,,,
272,172005,raikkonen,,,,,,,,,,,,,,,
289,172005,panis,,,,,,,,,,,,,,,
17,172006,fisichella,,,,,,,,,,,,,,,
34,172006,yoong,,,,,,,,,,,,,,,
51,172006,mcnish,,,,,,,,,,,,,,,
68,172006,salo,,,,,,,,,,,,,,,
85,172006,fisichella,,,,,,,,,,,,,,,
102,172006,sato,,,,,,,,,,,,,,,
119,172006,montoya,,,,,,,,,,,,,,,
136,172006,mcnish,,,,,,,,,,,,,,,
153,172006,salo,,,,,,,,,,,,,,,
170,172006,irvine,,,,,,,,,,,,,,,
187,172006,panis,,,,,,,,,,,,,,,
204,172006,button,,,,,,,,,,,,,,,
221,172006,davidson,,,,,,,,,,,,,,,
238,172006,trulli,,,,,,,,,,,,,,,
255,172006,massa,,,,,,,,,,,,,,,
272,172006,raikkonen,,,,,,,,,,,,,,,
289,172006,panis,,,,,,,,,,,,,,,
17,172007,fisichella,,,,,,,,,,,,,,,
34,172007,yoong,,,,,,,,,,,,,,,
51,172007,mcnish,,,,,,,,,,,,,,,
68,172007,salo,,,,,,,,,,,,,,,
85,172007,fisichella,,,,,,,,,,,,,,,
102,172007,sato,,,,,,,,,,,,,,,
119,172007,montoya,,,,,,,,,,,,,,,
136,172007,mcnish,,,,,,,,,,,,,,,
153,172007,salo,,,,,,,,,,,,,,,
170,172007,irvine,,,,,,,,,,,,,,,
187,172007,panis,,,,,,,,,,,,,,,
204,172007,button,,,,,,,,,,,,,,,
221,172007,davidson,,,,,,,,,,,,,,,
238,172007,trulli,,,,,,,,,,,,,,,
255,172007,massa,,,,,,,,,,,,,,,
272,172007,raikkonen,,,,,,,,,,,,,,,
289,172007,panis,,,,,,,,,,,,,,,
17,172008,fisichella,,,,,,,,,,,,,,,
34,172008,yoong,,,,,,,,,,,,,,,
51,172008,mcnish,,,,,,,,,,,,,,,
68,172008,salo,,,,,,,,,,,,,,,
85,172008,fisichella,,,,,,,,,,,,,,,
102,172008,sato,,,,,,,,,,,,,,,
119,172008,montoya,,,,,,,,,,,,,,,
136,172008,mcnish,,,,,,,,,,,,,,,
153,172008,salo,,,,,,,,,,,,,,,
170,172008,irvine,,,,,,,,,,,,,,,
187,172008,panis,,,,,,,,,,,,,,,
204,172008,button,,,,,,,,,,,,,,,
221,172008,davidson,,,,,,,,,,,,,,,
238,172008,trulli,,,,,,,,,,,,,,,
255,172008,massa,,,,,,,,,,,,,,,
272,172008,raikkonen,,,,,,,,,,,,,,,
289,172008,panis,,,,,,,,,,,,,,,
17,172009,fisichella,,,,,,,,,,,,,,,
34,172009,yoong,,,,,,,,,,,,,,,
51,172009,mcnish,,,,,,,,,,,,,,,
68,172009,salo,,,,,,,,,,,,,,,
85,172009,fisichella,,,,,,,,,,,,,,,
102,172009,sato,,,,,,,,,,,,,,,
119,172009,montoya,,,,,,,,,,,,,,,
136,172009,mcnish,,,,,,,,,,,,,,,
153,172009,salo,,,,,,,,,,,,,,,
170,172009,irvine,,,,,,,,,,,,,,,
187,172009,panis,,,,,,,,,,,,,,,
204,172009,button,,,,,,,,,,,,,,,
221,172009,davidson,,,,,,,,,,,,,,,
238,172009,trulli,,,,,,,,,,,,,,,
255,172009,massa,,,,,,,,,,,,,,,
272,172009,raikkonen,,,,,,,,,,,,,,,
289,172009,panis,,,,,,,,,,,,,,,
17,172010,fisichella,,,,,,,,,,,,,,,
34,172010,yoong,,,,,,,,,,,,,,,
51,172010,mcnish,,,,,,,,,,,,,,,
68,172010,salo,,,,,,,,,,,,,,,
85,172010,fisichella,,,,,,,,,,,,,,,
102,172010,sato,,,,,,,,,,,,,,,
119,172010,montoya,,,,,,,,,,,,,,,
136,172010,mcnish,,,,,,,,,,,,,,,
153,172010,salo,,,,,,,,,,,,,,,
170,172010,irvine,,,,,,,,,,,,,,,
187,172010,panis,,,,,,,,,,,,,,,
204,172010,button,,,,,,,,,,,,,,,
221,172010,davidson,,,,,,,,,,,,,,,
238,172010,trulli,,,,,,,,,,,,,,,
255,172010,massa,,,,,,,,,,,,,,,
272,172010,raikkonen,,,,,,,,,,,,,,,
289,172010,panis,,,,,,,,,,,,,,,
17,172011,fisichella,,,,,,,,,,,,,,,
34,172011,yoong,,,,,,,,,,,,,,,
51,172011,mcnish,,,,,,,,,,,,,,,
68,172011,salo,,,,,,,,,,,,,,,
85,172011,fisichella,,,,,,,,,,,,,,,
102,172011,sato,,,,,,,,,,,,,,,
119,172011,montoya,,,,,,,,,,,,,,,
136,172011,mcnish,,,,,,,,,,,,,,,
153,172011,salo,,,,,,,,,,,,,,,
170,172011,irvine,,,,,,,,,,,,,,,
187,172011,panis,,,,,,,,,,,,,,,
204,172011,button,,,,,,,,,,,,,,,
221,172011,davidson,,,,,,,,,,,,,,,
238,172011,trulli,,,,,,,,,,,,,,,
255,172011,massa,,,,,,,,,,,,,,,
272,172011,raikkonen,,,,,,,,,,,,,,,
289,172011,panis,,,,,,,,,,,,,,,
17,172012,fisichella,,,,,,,,,,,,,,,
34,172012,yoong,,,,,,,,,,,,,,,
51,172012,mcnish,,,,,,,,,,,,,,,
68,172012,salo,,,,,,,,,,,,,,,
85,172012,fisichella,,,,,,,,,,,,,,,
102,172012,sato,,,,,,,,,,,,,,,
119,172012,montoya,,,,,,,,,,,,,,,
136,172012,mcnish,,,,,,,,,,,,,,,
153,172012,salo,,,,,,,,,,,,,,,
170,172012,irvine,,,,,,,,,,,,,,,
187,172012,panis,,,,,,,,,,,,,,,
204,172012,button,,,,,,,,,,,,,,,
221,172012,davidson,,,,,,,,,,,,,,,
238,172012,trulli,,,,,,,,,,,,,,,
255,172012,massa,,,,,,,,,,,,,,,
272,172012,raikkonen,,,,,,,,,,,,,,,
289,172012,panis,,,,,,,,,,,,,,,
17,172013,fisichella,,,,,,,,,,,,,,,
34,172013,yoong,,,,,,,,,,,,,,,
51,172013,mcnish,,,,,,,,,,,,,,,
68,172013,salo,,,,,,,,,,,,,,,
85,172013,fisichella,,,,,,,,,,,,,,,
102,172013,sato,,,,,,,,,,,,,,,
119,172013,montoya,,,,,,,,,,,,,,,
136,172013,mcnish,,,,,,,,,,,,,,,
153,172013,salo,,,,,,,,,,,,,,,
170,172013,irvine,,,,,,,,,,,,,,,
187,172013,panis,,,,,,,,,,,,,,,
204,172013,button,,,,,,,,,,,,,,,
221,172013,davidson,,,,,,,,,,,,,,,
238,172013,trulli,,,,,,,,,,,,,,,
255,172013,massa,,,,,,,,,,,,,,,
272,172013,raikkonen,,,,,,,,,,,,,,,
289,172013,panis,,,,,,,,,,,,,,,
17,172014,fisichella,,,,,,,,,,,,,,,
34,172014,yoong,,,,,,,,,,,,,,,
51,172014,mcnish,,,,,,,,,,,,,,,
68,172014,salo,,,,,,,,,,,,,,,
85,172014,fisichella,,,,,,,,,,,,,,,
102,172014,sato,,,,,,,,,,,,,,,
119,172014,montoya,,,,,,,,,,,,,,,
136,172014,mcnish,,,,,,,,,,,,,,,
153,172014,salo,,,,,,,,,,,,,,,
170,172014,irvine,,,,,,,,,,,,,,,
187,172014,panis,,,,,,,,,,,,,,,
204,172014,button,,,,,,,,,,,,,,,
221,172014,davidson,,,,,,,,,,,,,,,
238,172014,trulli,,,,,,,,,,,,,,,
255,172014,massa,,,,,,,,,,,,,,,
272,172014,raikkonen,,,,,,,,,,,,,,,
289,172014,panis,,,,,,,,,,,,,,,
17,172015,fisichella,,,,,,,,,,,,,,,
34,172015,yoong,,,,,,,,,,,,,,,
51,172015,mcnish,,,,,,,,,,,,,,,
68,172015,salo,,,,,,,,,,,,,,,
85,172015,fisichella,,,,,,,,,,,,,,,
102,172015,sato,,,,,,,,,,,,,,,
119,172015,montoya,,,,,,,,,,,,,,,
136,172015,mcnish,,,,,,,,,,,,,,,
153,172015,salo,,,,,,,,,,,,,,,
170,172015,irvine,,,,,,,,,,,,,,,
187,172015,panis,,,,,,,,,,,,,,,
204,172015,button,,,,,,,,,,,,,,,
221,172015,davidson,,,,,,,,,,,,,,,
238,172015,trulli,,,,,,,,,,,,,,,
255,172015,massa,,,,,,,,,,,,,,,
272,172015,raikkonen,,,,,,,,,,,,,,,
289,172015,panis,,,,,,,,,,,,,,,
17,172016,fisichella,,,,,,,,,,,,,,,
34,172016,yoong,,,,,,,,,,,,,,,
51,172016,mcnish,,,,,,,,,,,,,,,
68,172016,salo,,,,,,,,,,,,,,,
85,172016,fisichella,,,,,,,,,,,,,,,
102,172016,sato,,,,,,,,,,,,,,,
119,172016,montoya,,,,,,,,,,,,,,,
136,172016,mcnish,,,,,,,,,,,,,,,
153,172016,salo,,,,,,,,,,,,,,,
170,172016,irvine,,,,,,,,,,,,,,,
187,172016,panis,,,,,,,,,,,,,,,
204,172016,button,,,,,,,,,,,,,,,
221,172016,davidson,,,,,,,,,,,,,,,
238,172016,trulli,,,,,,,,,,,,,,,
255,172016,massa,,,,,,,,,,,,,,,
272,172016,raikkonen,,,,,,,,,,,,,,,
289,172016,panis,,,,,,,,,,,,,,,
17,172017,fisichella,,,,,,,,,,,,,,,
34,172017,yoong,,,,,,,,,,,,,,,
51,172017,mcnish,,,,,,,,,,,,,,,
68,172017,salo,,,,,,,,,,,,,,,
85,172017,fisichella,,,,,,,,,,,,,,,
102,172017,sato,,,,,,,,,,,,,,,
119,172017,montoya,,,,,,,,,,,,,,,
136,172017,mcnish,,,,,,,,,,,,,,,
153,172017,salo,,,,,,,,,,,,,,,
170,172017,irvine,,,,,,,,,,,,,,,
187,172017,panis,,,,,,,,,,,,,,,
204,172017,button,,,,,,,,,,,,,,,
221,172017,davidson,,,,,,,,,,,,,,,
238,172017,trulli,,,,,,,,,,,,,,,
255,172017,massa,,,,,,,,,,,,,,,
272,172017,raikkonen,,,,,,,,,,,,,,,
289,172017,panis,,,,,,,,,,,,,,,
17,172018,fisichella,,,,,,,,,,,,,,,
34,172018,yoong,,,,,,,,,,,,,,,
51,172018,mcnish,,,,,,,,,,,,,,,
68,172018,salo,,,,,,,,,,,,,,,
85,172018,fisichella,,,,,,,,,,,,,,,
102,172018,sato,,,,,,,,,,,,,,,
119,172018,montoya,,,,,,,,,,,,,,,
136,172018,mcnish,,,,,,,,,,,,,,,
153,172018,salo,,,,,,,,,,,,,,,
170,172018,irvine,,,,,,,,,,,,,,,
187,172018,panis,,,,,,,,,,,,,,,
204,172018,button,,,,,,,,,,,,,,,
221,172018,davidson,,,,,,,,,,,,,,,
238,172018,trulli,,,,,,,,,,,,,,,
255,172018,massa,,,,,,,,,,,,,,,
272,172018,raikkonen,,,,,,,,,,,,,,,
289,172018,panis,,,,,,,,,,,,,,,
17,172019,fisichella,,,,,,,,,,,,,,,
34,172019,yoong,,,,,,,,,,,,,,,
51,172019,mcnish,,,,,,,,,,,,,,,
68,172019,salo,,,,,,,,,,,,,,,
85,172019,fisichella,,,,,,,,,,,,,,,
102,172019,sato,,,,,,,,,,,,,,,
119,172019,montoya,,,,,,,,,,,,,,,
136,172019,mcnish,,,,,,,,,,,,,,,
153,172019,salo,,,,,,,,,,,,,,,
170,172019,irvine,,,,,,,,,,,,,,,
187,172019,panis,,,,,,,,,,,,,,,
204,172019,button,,,,,,,,,,,,,,,
221,172019,davidson,,,,,,,,,,,,,,,
238,172019,trulli,,,,,,,,,,,,,,,
255,172019,massa,,,,,,,,,,,,,,,
272,172019,raikkonen,,,,,,,,,,,,,,,
289,172019,panis,,,,,,,,,,,,,,,
17,172020,fisichella,,,,,,,,,,,,,,,
34,172020,yoong,,,,,,,,,,,,,,,
51,172020,mcnish,,,,,,,,,,,,,,,
68,172020,salo,,,,,,,,,,,,,,,
85,172020,fisichella,,,,,,,,,,,,,,,
102,172020,sato,,,,,,,,,,,,,,,
119,172020,montoya,,,,,,,,,,,,,,,
136,172020,mcnish,,,,,,,,,,,,,,,
153,172020,salo,,,,,,,,,,,,,,,
170,172020,irvine,,,,,,,,,,,,,,,
187,172020,panis,,,,,,,,,,,,,,,
204,172020,button,,,,,,,,,,,,,,,
221,172020,davidson,,,,,,,,,,,,,,,
238,172020,trulli,,,,,,,,,,,,,,,
255,172020,massa,,,,,,,,,,,,,,,
272,172020,raikkonen,,,,,,,,,,,,,,,
289,172020,panis,,,,,,,,,,,,,,,
17,172021,fisichella,,,,,,,,,,,,,,,
34,172021,yoong,,,,,,,,,,,,,,,
51,172021,mcnish,,,,,,,,,,,,,,,
68,172021,salo,,,,,,,,,,,,,,,
85,172021,fisichella,,,,,,,,,,,,,,,
102,172021,sato,,,,,,,,,,,,,,,
119,172021,montoya,,,,,,,,,,,,,,,
136,172021,mcnish,,,,,,,,,,,,,,,
153,172021,salo,,,,,,,,,,,,,,,
170,172021,irvine,,,,,,,,,,,,,,,
187,172021,panis,,,,,,,,,,,,,,,
204,172021,button,,,,,,,,,,,,,,,
221,172021,davidson,,,,,,,,,,,,,,,
238,172021,trulli,,,,,,,,,,,,,,,
255,172021,massa,,,,,,,,,,,,,,,
272,172021,raikkonen,,,,,,,,,,,,,,,
289,172021,panis,,,,,,,,,,,,,,,
17,172022,fisichella,,,,,,,,,,,,,,,
34,172022,yoong,,,,,,,,,,,,,,,
51,172022,mcnish,,,,,,,,,,,,,,,
68,172022,salo,,,,,,,,,,,,,,,
85,172022,fisichella,,,,,,,,,,,,,,,
102,172022,sato,,,,,,,,,,,,,,,
119,172022,montoya,,,,,,,,,,,,,,,
136,172022,mcnish,,,,,,,,,,,,,,,
153,172022,salo,,,,,,,,,,,,,,,
170,172022,irvine,,,,,,,,,,,,,,,
187,172022,panis,,,,,,,,,,,,,,,
204,172022,button,,,,,,,,,,,,,,,
221,172022,davidson,,,,,,,,,,,,,,,
238,172022,trulli,,,,,,,,,,,,,,,
255,172022,massa,,,,,,,,,,,,,,,
272,172022,raikkonen,,,,,,,,,,,,,,,
289,172022,panis,,,,,,,,,,,,,,,
16,162000,wilson,,,,,,,,,,,,,,,
32,162000,webber,,,,,,,,,,,,,,,
48,162000,pizzonia,,,,,,,,,,,,,,,
64,162000,webber,,,,,,,,,,,,,,,
80,162000,coulthard,,,,,,,,,,,,,,,
96,162000,alonso,,,,,,,,,,,,,,,
112,162000,verstappen,,,,,,,,,,,,,,,
128,162000,trulli,,,,,,,,,,,,,,,
144,162000,matta,,,,,,,,,,,,,,,
160,162000,verstappen,,,,,,,,,,,,,,,
176,162000,wilson,,,,,,,,,,,,,,,
192,162000,ralf_schumacher,,,,,,,,,,,,,,,
208,162000,baumgartner,,,,,,,,,,,,,,,
224,162000,verstappen,,,,,,,,,,,,,,,
240,162000,button,,,,,,,,,,,,,,,
256,162000,kiesa,,,,,,,,,,,,,,,
16,162001,wilson,,,,,,,,,,,,,,,
32,162001,webber,,,,,,,,,,,,,,,
48,162001,pizzonia,,,,,,,,,,,,,,,
64,162001,webber,,,,,,,,,,,,,,,
80,162001,coulthard,,,,,,,,,,,,,,,
96,162001,alonso,,,,,,,,,,,,,,,
112,162001,verstappen,,,,,,,,,,,,,,,
128,162001,trulli,,,,,,,,,,,,,,,
144,162001,matta,,,,,,,,,,,,,,,
160,162001,verstappen,,,,,,,,,,,,,,,
176,162001,wilson,,,,,,,,,,,,,,,
192,162001,ralf_schumacher,,,,,,,,,,,,,,,
208,162001,baumgartner,,,,,,,,,,,,,,,
224,162001,verstappen,,,,,,,,,,,,,,,
240,162001,button,,,,,,,,,,,,,,,
256,162001,kiesa,,,,,,,,,,,,,,,
16,162002,wilson,,,,,,,,,,,,,,,
32,162002,webber,,,,,,,,,,,,,,,
48,162002,pizzonia,,,,,,,,,,,,,,,
64,162002,webber,,,,,,,,,,,,,,,
80,162002,coulthard,,,,,,,,,,,,,,,
96,162002,alonso,,,,,,,,,,,,,,,
112,162002,verstappen,,,,,,,,,,,,,,,
128,162002,trulli,,,,,,,,,,,,,,,
144,162002,matta,,,,,,,,,,,,,,,
160,162002,verstappen,,,,,,,,,,,,,,,
176,162002,wilson,,,,,,,,,,,,,,,
192,162002,ralf_schumacher,,,,,,,,,,,,,,,
208,162002,baumgartner,,,,,,,,,,,,,,,
224,162002,verstappen,,,,,,,,,,,,,,,
240,162002,button,,,,,,,,,,,,,,,
256,162002,kiesa,,,,,,,,,,,,,,,
16,162003,wilson,,,,,,,,,,,,,,,
32,162003,webber,,,,,,,,,,,,,,,
48,162003,pizzonia,,,,,,,,,,,,,,,
64,162003,webber,,,,,,,,,,,,,,,
80,162003,coulthard,,,,,,,,,,,,,,,
96,162003,alonso,,,,,,,,,,,,,,,
112,162003,verstappen,,,,,,,,,,,,,,,
128,162003,trulli,,,,,,,,,,,,,,,
144,162003,matta,,,,,,,,,,,,,,,
160,162003,verstappen,,,,,,,,,,,,,,,
176,162003,wilson,,,,,,,,,,,,,,,
192,162003,ralf_schumacher,,,,,,,,,,,,,,,
208,162003,baumgartner,,,,,,,,,,,,,,,
224,162003,verstappen,,,,,,,,,,,,,,,
240,162003,button,,,,,,,,,,,,,,,
256,162003,kiesa,,,,,,,,,,,,,,,
16,162004,wilson,,,,,,,,,,,,,,,
32,162004,webber,,,,,,,,,,,,,,,
48,162004,pizzonia,,,,,,,,,,,,,,,
64,162004,webber,,,,,,,,,,,,,,,
80,162004,coulthard,,,,,,,,,,,,,,,
96,162004,alonso,,,,,,,,,,,,,,,
112,162004,verstappen,,,,,,,,,,,,,,,
128,162004,trulli,,,,,,,,,,,,,,,
144,162004,matta,,,,,,,,,,,,,,,
160,162004,verstappen,,,,,,,,,,,,,,,
176,162004,wilson,,,,,,,,,,,,,,,
192,162004,ralf_schumacher,,,,,,,,,,,,,,,
208,162004,baumgartner,,,,,,,,,,,,,,,
224,162004,verstappen,,,,,,,,,,,,,,,
240,162004,button,,,,,,,,,,,,,,,
256,162004,kiesa,,,,,,,,,,,,,,,
16,162005,wilson,,,,,,,,,,,,,,,
32,162005,webber,,,,,,,,,,,,,,,
48,162005,pizzonia,,,,,,,,,,,,,,,
64,162005,webber,,,,,,,,,,,,,,,
80,162005,coulthard,,,,,,,,,,,,,,,
96,162005,alonso,,,,,,,,,,,,,,,
112,162005,verstappen,,,,,,,,,,,,,,,
128,162005,trulli,,,,,,,,,,,,,,,
144,162005,matta,,,,,,,,,,,,,,,
160,162005,verstappen,,,,,,,,,,,,,,,
176,162005,wilson,,,,,,,,,,,,,,,
192,162005,ralf_schumacher,,,,,,,,,,,,,,,
208,162005,baumgartner,,,,,,,,,,,,,,,
224,162005,verstappen,,,,,,,,,,,,,,,
240,162005,button,,,,,,,,,,,,,,,
256,162005,kiesa,,,,,,,,,,,,,,,
16,162006,wilson,,,,,,,,,,,,,,,
32,162006,webber,,,,,,,,,,,,,,,
48,162006,pizzonia,,,,,,,,,,,,,,,
64,162006,webber,,,,,,,,,,,,,,,
80,162006,coulthard,,,,,,,,,,,,,,,
96,162006,alonso,,,,,,,,,,,,,,,
112,162006,verstappen,,,,,,,,,,,,,,,
128,162006,trulli,,,,,,,,,,,,,,,
144,162006,matta,,,,,,,,,,,,,,,
160,162006,verstappen,,,,,,,,,,,,,,,
176,162006,wilson,,,,,,,,,,,,,,,
192,162006,ralf_schumacher,,,,,,,,,,,,,,,
208,162006,baumgartner,,,,,,,,,,,,,,,
224,162006,verstappen,,,,,,,,,,,,,,,
240,162006,button,,,,,,,,,,,,,,,
256,162006,kiesa,,,,,,,,,,,,,,,
16,162007,wilson,,,,,,,,,,,,,,,
32,162007,webber,,,,,,,,,,,,,,,
48,162007,pizzonia,,,,,,,,,,,,,,,
64,162007,webber,,,,,,,,,,,,,,,
80,162007,coulthard,,,,,,,,,,,,,,,
96,162007,alonso,,,,,,,,,,,,,,,
112,162007,verstappen,,,,,,,,,,,,,,,
128,162007,trulli,,,,,,,,,,,,,,,
144,162007,matta,,,,,,,,,,,,,,,
160,162007,verstappen,,,,,,,,,,,,,,,
176,162007,wilson,,,,,,,,,,,,,,,
192,162007,ralf_schumacher,,,,,,,,,,,,,,,
208,162007,baumgartner,,,,,,,,,,,,,,,
224,162007,verstappen,,,,,,,,,,,,,,,
240,162007,button,,,,,,,,,,,,,,,
256,162007,kiesa,,,,,,,,,,,,,,,
16,162008,wilson,,,,,,,,,,,,,,,
32,162008,webber,,,,,,,,,,,,,,,
48,162008,pizzonia,,,,,,,,,,,,,,,
64,162008,webber,,,,,,,,,,,,,,,
80,162008,coulthard,,,,,,,,,,,,,,,
96,162008,alonso,,,,,,,,,,,,,,,
112,162008,verstappen,,,,,,,,,,,,,,,
128,162008,trulli,,,,,,,,,,,,,,,
144,162008,matta,,,,,,,,,,,,,,,
160,162008,verstappen,,,,,,,,,,,,,,,
176,162008,wilson,,,,,,,,,,,,,,,
192,162008,ralf_schumacher,,,,,,,,,,,,,,,
208,162008,baumgartner,,,,,,,,,,,,,,,
224,162008,verstappen,,,,,,,,,,,,,,,
240,162008,button,,,,,,,,,,,,,,,
256,162008,kiesa,,,,,,,,,,,,,,,
16,162009,wilson,,,,,,,,,,,,,,,
32,162009,webber,,,,,,,,,,,,,,,
48,162009,pizzonia,,,,,,,,,,,,,,,
64,162009,webber,,,,,,,,,,,,,,,
80,162009,coulthard,,,,,,,,,,,,,,,
96,162009,alonso,,,,,,,,,,,,,,,
112,162009,verstappen,,,,,,,,,,,,,,,
128,162009,trulli,,,,,,,,,,,,,,,
144,162009,matta,,,,,,,,,,,,,,,
160,162009,verstappen,,,,,,,,,,,,,,,
176,162009,wilson,,,,,,,,,,,,,,,
192,162009,ralf_schumacher,,,,,,,,,,,,,,,
208,162009,baumgartner,,,,,,,,,,,,,,,
224,162009,verstappen,,,,,,,,,,,,,,,
240,162009,button,,,,,,,,,,,,,,,
256,162009,kiesa,,,,,,,,,,,,,,,
16,162010,wilson,,,,,,,,,,,,,,,
32,162010,webber,,,,,,,,,,,,,,,
48,162010,pizzonia,,,,,,,,,,,,,,,
64,162010,webber,,,,,,,,,,,,,,,
80,162010,coulthard,,,,,,,,,,,,,,,
96,162010,alonso,,,,,,,,,,,,,,,
112,162010,verstappen,,,,,,,,,,,,,,,
128,162010,trulli,,,,,,,,,,,,,,,
144,162010,matta,,,,,,,,,,,,,,,
160,162010,verstappen,,,,,,,,,,,,,,,
176,162010,wilson,,,,,,,,,,,,,,,
192,162010,ralf_schumacher,,,,,,,,,,,,,,,
208,162010,baumgartner,,,,,,,,,,,,,,,
224,162010,verstappen,,,,,,,,,,,,,,,
240,162010,button,,,,,,,,,,,,,,,
256,162010,kiesa,,,,,,,,,,,,,,,
16,162011,wilson,,,,,,,,,,,,,,,
32,162011,webber,,,,,,,,,,,,,,,
48,162011,pizzonia,,,,,,,,,,,,,,,
64,162011,webber,,,,,,,,,,,,,,,
80,162011,coulthard,,,,,,,,,,,,,,,
96,162011,alonso,,,,,,,,,,,,,,,
112,162011,verstappen,,,,,,,,,,,,,,,
128,162011,trulli,,,,,,,,,,,,,,,
144,162011,matta,,,,,,,,,,,,,,,
160,162011,verstappen,,,,,,,,,,,,,,,
176,162011,wilson,,,,,,,,,,,,,,,
192,162011,ralf_schumacher,,,,,,,,,,,,,,,
208,162011,baumgartner,,,,,,,,,,,,,,,
224,162011,verstappen,,,,,,,,,,,,,,,
240,162011,button,,,,,,,,,,,,,,,
256,162011,kiesa,,,,,,,,,,,,,,,
16,162012,wilson,,,,,,,,,,,,,,,
32,162012,webber,,,,,,,,,,,,,,,
48,162012,pizzonia,,,,,,,,,,,,,,,
64,162012,webber,,,,,,,,,,,,,,,
80,162012,coulthard,,,,,,,,,,,,,,,
96,162012,alonso,,,,,,,,,,,,,,,
112,162012,verstappen,,,,,,,,,,,,,,,
128,162012,trulli,,,,,,,,,,,,,,,
144,162012,matta,,,,,,,,,,,,,,,
160,162012,verstappen,,,,,,,,,,,,,,,
176,162012,wilson,,,,,,,,,,,,,,,
192,162012,ralf_schumacher,,,,,,,,,,,,,,,
208,162012,baumgartner,,,,,,,,,,,,,,,
224,162012,verstappen,,,,,,,,,,,,,,,
240,162012,button,,,,,,,,,,,,,,,
256,162012,kiesa,,,,,,,,,,,,,,,
16,162013,wilson,,,,,,,,,,,,,,,
32,162013,webber,,,,,,,,,,,,,,,
48,162013,pizzonia,,,,,,,,,,,,,,,
64,162013,webber,,,,,,,,,,,,,,,
80,162013,coulthard,,,,,,,,,,,,,,,
96,162013,alonso,,,,,,,,,,,,,,,
112,162013,verstappen,,,,,,,,,,,,,,,
128,162013,trulli,,,,,,,,,,,,,,,
144,162013,matta,,,,,,,,,,,,,,,
160,162013,verstappen,,,,,,,,,,,,,,,
176,162013,wilson,,,,,,,,,,,,,,,
192,162013,ralf_schumacher,,,,,,,,,,,,,,,
208,162013,baumgartner,,,,,,,,,,,,,,,
224,162013,verstappen,,,,,,,,,,,,,,,
240,162013,button,,,,,,,,,,,,,,,
256,162013,kiesa,,,,,,,,,,,,,,,
16,162014,wilson,,,,,,,,,,,,,,,
32,162014,webber,,,,,,,,,,,,,,,
48,162014,pizzonia,,,,,,,,,,,,,,,
64,162014,webber,,,,,,,,,,,,,,,
80,162014,coulthard,,,,,,,,,,,,,,,
96,162014,alonso,,,,,,,,,,,,,,,
112,162014,verstappen,,,,,,,,,,,,,,,
128,162014,trulli,,,,,,,,,,,,,,,
144,162014,matta,,,,,,,,,,,,,,,
160,162014,verstappen,,,,,,,,,,,,,,,
176,162014,wilson,,,,,,,,,,,,,,,
192,162014,ralf_schumacher,,,,,,,,,,,,,,,
208,162014,baumgartner,,,,,,,,,,,,,,,
224,162014,verstappen,,,,,,,,,,,,,,,
240,162014,button,,,,,,,,,,,,,,,
256,162014,kiesa,,,,,,,,,,,,,,,
16,162015,wilson,,,,,,,,,,,,,,,
32,162015,webber,,,,,,,,,,,,,,,
48,162015,pizzonia,,,,,,,,,,,,,,,
64,162015,webber,,,,,,,,,,,,,,,
80,162015,coulthard,,,,,,,,,,,,,,,
96,162015,alonso,,,,,,,,,,,,,,,
112,162015,verstappen,,,,,,,,,,,,,,,
128,162015,trulli,,,,,,,,,,,,,,,
144,162015,matta,,,,,,,,,,,,,,,
160,162015,verstappen,,,,,,,,,,,,,,,
176,162015,wilson,,,,,,,,,,,,,,,
192,162015,ralf_schumacher,,,,,,,,,,,,,,,
208,162015,baumgartner,,,,,,,,,,,,,,,
224,162015,verstappen,,,,,,,,,,,,,,,
240,162015,button,,,,,,,,,,,,,,,
256,162015,kiesa,,,,,,,,,,,,,,,
16,162016,wilson,,,,,,,,,,,,,,,
32,162016,webber,,,,,,,,,,,,,,,
48,162016,pizzonia,,,,,,,,,,,,,,,
64,162016,webber,,,,,,,,,,,,,,,
80,162016,coulthard,,,,,,,,,,,,,,,
96,162016,alonso,,,,,,,,,,,,,,,
112,162016,verstappen,,,,,,,,,,,,,,,
128,162016,trulli,,,,,,,,,,,,,,,
144,162016,matta,,,,,,,,,,,,,,,
160,162016,verstappen,,,,,,,,,,,,,,,
176,162016,wilson,,,,,,,,,,,,,,,
192,162016,ralf_schumacher,,,,,,,,,,,,,,,
208,162016,baumgartner,,,,,,,,,,,,,,,
224,162016,verstappen,,,,,,,,,,,,,,,
240,162016,button,,,,,,,,,,,,,,,
256,162016,kiesa,,,,,,,,,,,,,,,
16,162017,wilson,,,,,,,,,,,,,,,
32,162017,webber,,,,,,,,,,,,,,,
48,162017,pizzonia,,,,,,,,,,,,,,,
64,162017,webber,,,,,,,,,,,,,,,
80,162017,coulthard,,,,,,,,,,,,,,,
96,162017,alonso,,,,,,,,,,,,,,,
112,162017,verstappen,,,,,,,,,,,,,,,
128,162017,trulli,,,,,,,,,,,,,,,
144,162017,matta,,,,,,,,,,,,,,,
160,162017,verstappen,,,,,,,,,,,,,,,
176,162017,wilson,,,,,,,,,,,,,,,
192,162017,ralf_schumacher,,,,,,,,,,,,,,,
208,162017,baumgartner,,,,,,,,,,,,,,,
224,162017,verstappen,,,,,,,,,,,,,,,
240,162017,button,,,,,,,,,,,,,,,
256,162017,kiesa,,,,,,,,,,,,,,,
16,162018,wilson,,,,,,,,,,,,,,,
32,162018,webber,,,,,,,,,,,,,,,
48,162018,pizzonia,,,,,,,,,,,,,,,
64,162018,webber,,,,,,,,,,,,,,,
80,162018,coulthard,,,,,,,,,,,,,,,
96,162018,alonso,,,,,,,,,,,,,,,
112,162018,verstappen,,,,,,,,,,,,,,,
128,162018,trulli,,,,,,,,,,,,,,,
144,162018,matta,,,,,,,,,,,,,,,
160,162018,verstappen,,,,,,,,,,,,,,,
176,162018,wilson,,,,,,,,,,,,,,,
192,162018,ralf_schumacher,,,,,,,,,,,,,,,
208,162018,baumgartner,,,,,,,,,,,,,,,
224,162018,verstappen,,,,,,,,,,,,,,,
240,162018,button,,,,,,,,,,,,,,,
256,162018,kiesa,,,,,,,,,,,,,,,
16,162019,wilson,,,,,,,,,,,,,,,
32,162019,webber,,,,,,,,,,,,,,,
48,162019,pizzonia,,,,,,,,,,,,,,,
64,162019,webber,,,,,,,,,,,,,,,
80,162019,coulthard,,,,,,,,,,,,,,,
96,162019,alonso,,,,,,,,,,,,,,,
112,162019,verstappen,,,,,,,,,,,,,,,
128,162019,trulli,,,,,,,,,,,,,,,
144,162019,matta,,,,,,,,,,,,,,,
160,162019,verstappen,,,,,,,,,,,,,,,
176,162019,wilson,,,,,,,,,,,,,,,
192,162019,ralf_schumacher,,,,,,,,,,,,,,,
208,162019,baumgartner,,,,,,,,,,,,,,,
224,162019,verstappen,,,,,,,,,,,,,,,
240,162019,button,,,,,,,,,,,,,,,
256,162019,kiesa,,,,,,,,,,,,,,,
16,162020,wilson,,,,,,,,,,,,,,,
32,162020,webber,,,,,,,,,,,,,,,
48,162020,pizzonia,,,,,,,,,,,,,,,
64,162020,webber,,,,,,,,,,,,,,,
80,162020,coulthard,,,,,,,,,,,,,,,
96,162020,alonso,,,,,,,,,,,,,,,
112,162020,verstappen,,,,,,,,,,,,,,,
128,162020,trulli,,,,,,,,,,,,,,,
144,162020,matta,,,,,,,,,,,,,,,
160,162020,verstappen,,,,,,,,,,,,,,,
176,162020,wilson,,,,,,,,,,,,,,,
192,162020,ralf_schumacher,,,,,,,,,,,,,,,
208,162020,baumgartner,,,,,,,,,,,,,,,
224,162020,verstappen,,,,,,,,,,,,,,,
240,162020,button,,,,,,,,,,,,,,,
256,162020,kiesa,,,,,,,,,,,,,,,
16,162021,wilson,,,,,,,,,,,,,,,
32,162021,webber,,,,,,,,,,,,,,,
48,162021,pizzonia,,,,,,,,,,,,,,,
64,162021,webber,,,,,,,,,,,,,,,
80,162021,coulthard,,,,,,,,,,,,,,,
96,162021,alonso,,,,,,,,,,,,,,,
112,162021,verstappen,,,,,,,,,,,,,,,
128,162021,trulli,,,,,,,,,,,,,,,
144,162021,matta,,,,,,,,,,,,,,,
160,162021,verstappen,,,,,,,,,,,,,,,
176,162021,wilson,,,,,,,,,,,,,,,
192,162021,ralf_schumacher,,,,,,,,,,,,,,,
208,162021,baumgartner,,,,,,,,,,,,,,,
224,162021,verstappen,,,,,,,,,,,,,,,
240,162021,button,,,,,,,,,,,,,,,
256,162021,kiesa,,,,,,,,,,,,,,,
16,162022,wilson,,,,,,,,,,,,,,,
32,162022,webber,,,,,,,,,,,,,,,
48,162022,pizzonia,,,,,,,,,,,,,,,
64,162022,webber,,,,,,,,,,,,,,,
80,162022,coulthard,,,,,,,,,,,,,,,
96,162022,alonso,,,,,,,,,,,,,,,
112,162022,verstappen,,,,,,,,,,,,,,,
128,162022,trulli,,,,,,,,,,,,,,,
144,162022,matta,,,,,,,,,,,,,,,
160,162022,verstappen,,,,,,,,,,,,,,,
176,162022,wilson,,,,,,,,,,,,,,,
192,162022,ralf_schumacher,,,,,,,,,,,,,,,
208,162022,baumgartner,,,,,,,,,,,,,,,
224,162022,verstappen,,,,,,,,,,,,,,,
240,162022,button,,,,,,,,,,,,,,,
256,162022,kiesa,,,,,,,,,,,,,,,
18,182000,webber,,,,,,,,,,,,,,,
36,182000,heidfeld,,,,,,,,,,,,,,,
54,182000,coulthard,,,,,,,,,,,,,,,
72,182000,matta,,,,,,,,,,,,,,,
90,182000,heidfeld,,,,,,,,,,,,,,,
108,182000,coulthard,,,,,,,,,,,,,,,
126,182000,raikkonen,,,,,,,,,,,,,,,
144,182000,montoya,,,,,,,,,,,,,,,
162,182000,massa,,,,,,,,,,,,,,,
180,182000,bruni,,,,,,,,,,,,,,,
198,182000,trulli,,,,,,,,,,,,,,,
216,182000,heidfeld,,,,,,,,,,,,,,,
234,182000,zonta,,,,,,,,,,,,,,,
252,182000,sato,,,,,,,,,,,,,,,
270,182000,bruni,,,,,,,,,,,,,,,
288,182000,ralf_schumacher,,,,,,,,,,,,,,,
306,182000,coulthard,,,,,,,,,,,,,,,
324,182000,webber,,,,,,,,,,,,,,,
18,182001,webber,,,,,,,,,,,,,,,
36,182001,heidfeld,,,,,,,,,,,,,,,
54,182001,coulthard,,,,,,,,,,,,,,,
72,182001,matta,,,,,,,,,,,,,,,
90,182001,heidfeld,,,,,,,,,,,,,,,
108,182001,coulthard,,,,,,,,,,,,,,,
126,182001,raikkonen,,,,,,,,,,,,,,,
144,182001,montoya,,,,,,,,,,,,,,,
162,182001,massa,,,,,,,,,,,,,,,
180,182001,bruni,,,,,,,,,,,,,,,
198,182001,trulli,,,,,,,,,,,,,,,
216,182001,heidfeld,,,,,,,,,,,,,,,
234,182001,zonta,,,,,,,,,,,,,,,
252,182001,sato,,,,,,,,,,,,,,,
270,182001,bruni,,,,,,,,,,,,,,,
288,182001,ralf_schumacher,,,,,,,,,,,,,,,
306,182001,coulthard,,,,,,,,,,,,,,,
324,182001,webber,,,,,,,,,,,,,,,
18,182002,webber,,,,,,,,,,,,,,,
36,182002,heidfeld,,,,,,,,,,,,,,,
54,182002,coulthard,,,,,,,,,,,,,,,
72,182002,matta,,,,,,,,,,,,,,,
90,182002,heidfeld,,,,,,,,,,,,,,,
108,182002,coulthard,,,,,,,,,,,,,,,
126,182002,raikkonen,,,,,,,,,,,,,,,
144,182002,montoya,,,,,,,,,,,,,,,
162,182002,massa,,,,,,,,,,,,,,,
180,182002,bruni,,,,,,,,,,,,,,,
198,182002,trulli,,,,,,,,,,,,,,,
216,182002,heidfeld,,,,,,,,,,,,,,,
234,182002,zonta,,,,,,,,,,,,,,,
252,182002,sato,,,,,,,,,,,,,,,
270,182002,bruni,,,,,,,,,,,,,,,
288,182002,ralf_schumacher,,,,,,,,,,,,,,,
306,182002,coulthard,,,,,,,,,,,,,,,
324,182002,webber,,,,,,,,,,,,,,,
18,182003,webber,,,,,,,,,,,,,,,
36,182003,heidfeld,,,,,,,,,,,,,,,
54,182003,coulthard,,,,,,,,,,,,,,,
72,182003,matta,,,,,,,,,,,,,,,
90,182003,heidfeld,,,,,,,,,,,,,,,
108,182003,coulthard,,,,,,,,,,,,,,,
126,182003,raikkonen,,,,,,,,,,,,,,,
144,182003,montoya,,,,,,,,,,,,,,,
162,182003,massa,,,,,,,,,,,,,,,
180,182003,bruni,,,,,,,,,,,,,,,
198,182003,trulli,,,,,,,,,,,,,,,
216,182003,heidfeld,,,,,,,,,,,,,,,
234,182003,zonta,,,,,,,,,,,,,,,
252,182003,sato,,,,,,,,,,,,,,,
270,182003,bruni,,,,,,,,,,,,,,,
288,182003,ralf_schumacher,,,,,,,,,,,,,,,
306,182003,coulthard,,,,,,,,,,,,,,,
324,182003,webber,,,,,,,,,,,,,,,
18,182004,webber,,,,,,,,,,,,,,,
36,182004,heidfeld,,,,,,,,,,,,,,,
54,182004,coulthard,,,,,,,,,,,,,,,
72,182004,matta,,,,,,,,,,,,,,,
90,182004,heidfeld,,,,,,,,,,,,,,,
108,182004,coulthard,,,,,,,,,,,,,,,
126,182004,raikkonen,,,,,,,,,,,,,,,
144,182004,montoya,,,,,,,,,,,,,,,
162,182004,massa,,,,,,,,,,,,,,,
180,182004,bruni,,,,,,,,,,,,,,,
198,182004,trulli,,,,,,,,,,,,,,,
216,182004,heidfeld,,,,,,,,,,,,,,,
234,182004,zonta,,,,,,,,,,,,,,,
252,182004,sato,,,,,,,,,,,,,,,
270,182004,bruni,,,,,,,,,,,,,,,
288,182004,ralf_schumacher,,,,,,,,,,,,,,,
306,182004,coulthard,,,,,,,,,,,,,,,
324,182004,webber,,,,,,,,,,,,,,,
18,182005,webber,,,,,,,,,,,,,,,
36,182005,heidfeld,,,,,,,,,,,,,,,
54,182005,coulthard,,,,,,,,,,,,,,,
72,182005,matta,,,,,,,,,,,,,,,
90,182005,heidfeld,,,,,,,,,,,,,,,
108,182005,coulthard,,,,,,,,,,,,,,,
126,182005,raikkonen,,,,,,,,,,,,,,,
144,182005,montoya,,,,,,,,,,,,,,,
162,182005,massa,,,,,,,,,,,,,,,
180,182005,bruni,,,,,,,,,,,,,,,
198,182005,trulli,,,,,,,,,,,,,,,
216,182005,heidfeld,,,,,,,,,,,,,,,
234,182005,zonta,,,,,,,,,,,,,,,
252,182005,sato,,,,,,,,,,,,,,,
270,182005,bruni,,,,,,,,,,,,,,,
288,182005,ralf_schumacher,,,,,,,,,,,,,,,
306,182005,coulthard,,,,,,,,,,,,,,,
324,182005,webber,,,,,,,,,,,,,,,
18,182006,webber,,,,,,,,,,,,,,,
36,182006,heidfeld,,,,,,,,,,,,,,,
54,182006,coulthard,,,,,,,,,,,,,,,
72,182006,matta,,,,,,,,,,,,,,,
90,182006,heidfeld,,,,,,,,,,,,,,,
108,182006,coulthard,,,,,,,,,,,,,,,
126,182006,raikkonen,,,,,,,,,,,,,,,
144,182006,montoya,,,,,,,,,,,,,,,
162,182006,massa,,,,,,,,,,,,,,,
180,182006,bruni,,,,,,,,,,,,,,,
198,182006,trulli,,,,,,,,,,,,,,,
216,182006,heidfeld,,,,,,,,,,,,,,,
234,182006,zonta,,,,,,,,,,,,,,,
252,182006,sato,,,,,,,,,,,,,,,
270,182006,bruni,,,,,,,,,,,,,,,
288,182006,ralf_schumacher,,,,,,,,,,,,,,,
306,182006,coulthard,,,,,,,,,,,,,,,
324,182006,webber,,,,,,,,,,,,,,,
18,182007,webber,,,,,,,,,,,,,,,
36,182007,heidfeld,,,,,,,,,,,,,,,
54,182007,coulthard,,,,,,,,,,,,,,,
72,182007,matta,,,,,,,,,,,,,,,
90,182007,heidfeld,,,,,,,,,,,,,,,
108,182007,coulthard,,,,,,,,,,,,,,,
126,182007,raikkonen,,,,,,,,,,,,,,,
144,182007,montoya,,,,,,,,,,,,,,,
162,182007,massa,,,,,,,,,,,,,,,
180,182007,bruni,,,,,,,,,,,,,,,
198,182007,trulli,,,,,,,,,,,,,,,
216,182007,heidfeld,,,,,,,,,,,,,,,
234,182007,zonta,,,,,,,,,,,,,,,
252,182007,sato,,,,,,,,,,,,,,,
270,182007,bruni,,,,,,,,,,,,,,,
288,182007,ralf_schumacher,,,,,,,,,,,,,,,
306,182007,coulthard,,,,,,,,,,,,,,,
324,182007,webber,,,,,,,,,,,,,,,
18,182008,webber,,,,,,,,,,,,,,,
36,182008,heidfeld,,,,,,,,,,,,,,,
54,182008,coulthard,,,,,,,,,,,,,,,
72,182008,matta,,,,,,,,,,,,,,,
90,182008,heidfeld,,,,,,,,,,,,,,,
108,182008,coulthard,,,,,,,,,,,,,,,
126,182008,raikkonen,,,,,,,,,,,,,,,
144,182008,montoya,,,,,,,,,,,,,,,
162,182008,massa,,,,,,,,,,,,,,,
180,182008,bruni,,,,,,,,,,,,,,,
198,182008,trulli,,,,,,,,,,,,,,,
216,182008,heidfeld,,,,,,,,,,,,,,,
234,182008,zonta,,,,,,,,,,,,,,,
252,182008,sato,,,,,,,,,,,,,,,
270,182008,bruni,,,,,,,,,,,,,,,
288,182008,ralf_schumacher,,,,,,,,,,,,,,,
306,182008,coulthard,,,,,,,,,,,,,,,
324,182008,webber,,,,,,,,,,,,,,,
18,182009,webber,,,,,,,,,,,,,,,
36,182009,heidfeld,,,,,,,,,,,,,,,
54,182009,coulthard,,,,,,,,,,,,,,,
72,182009,matta,,,,,,,,,,,,,,,
90,182009,heidfeld,,,,,,,,,,,,,,,
108,182009,coulthard,,,,,,,,,,,,,,,
126,182009,raikkonen,,,,,,,,,,,,,,,
144,182009,montoya,,,,,,,,,,,,,,,
162,182009,massa,,,,,,,,,,,,,,,
180,182009,bruni,,,,,,,,,,,,,,,
198,182009,trulli,,,,,,,,,,,,,,,
216,182009,heidfeld,,,,,,,,,,,,,,,
234,182009,zonta,,,,,,,,,,,,,,,
252,182009,sato,,,,,,,,,,,,,,,
270,182009,bruni,,,,,,,,,,,,,,,
288,182009,ralf_schumacher,,,,,,,,,,,,,,,
306,182009,coulthard,,,,,,,,,,,,,,,
324,182009,webber,,,,,,,,,,,,,,,
18,182010,webber,,,,,,,,,,,,,,,
36,182010,heidfeld,,,,,,,,,,,,,,,
54,182010,coulthard,,,,,,,,,,,,,,,
72,182010,matta,,,,,,,,,,,,,,,
90,182010,heidfeld,,,,,,,,,,,,,,,
108,182010,coulthard,,,,,,,,,,,,,,,
126,182010,raikkonen,,,,,,,,,,,,,,,
144,182010,montoya,,,,,,,,,,,,,,,
162,182010,massa,,,,,,,,,,,,,,,
180,182010,bruni,,,,,,,,,,,,,,,
198,182010,trulli,,,,,,,,,,,,,,,
216,182010,heidfeld,,,,,,,,,,,,,,,
234,182010,zonta,,,,,,,,,,,,,,,
252,182010,sato,,,,,,,,,,,,,,,
270,182010,bruni,,,,,,,,,,,,,,,
288,182010,ralf_schumacher,,,,,,,,,,,,,,,
306,182010,coulthard,,,,,,,,,,,,,,,
324,182010,webber,,,,,,,,,,,,,,,
18,182011,webber,,,,,,,,,,,,,,,
36,182011,heidfeld,,,,,,,,,,,,,,,
54,182011,coulthard,,,,,,,,,,,,,,,
72,182011,matta,,,,,,,,,,,,,,,
90,182011,heidfeld,,,,,,,,,,,,,,,
108,182011,coulthard,,,,,,,,,,,,,,,
126,182011,raikkonen,,,,,,,,,,,,,,,
144,182011,montoya,,,,,,,,,,,,,,,
162,182011,massa,,,,,,,,,,,,,,,
180,182011,bruni,,,,,,,,,,,,,,,
198,182011,trulli,,,,,,,,,,,,,,,
216,182011,heidfeld,,,,,,,,,,,,,,,
234,182011,zonta,,,,,,,,,,,,,,,
252,182011,sato,,,,,,,,,,,,,,,
270,182011,bruni,,,,,,,,,,,,,,,
288,182011,ralf_schumacher,,,,,,,,,,,,,,,
306,182011,coulthard,,,,,,,,,,,,,,,
324,182011,webber,,,,,,,,,,,,,,,
18,182012,webber,,,,,,,,,,,,,,,
36,182012,heidfeld,,,,,,,,,,,,,,,
54,182012,coulthard,,,,,,,,,,,,,,,
72,182012,matta,,,,,,,,,,,,,,,
90,182012,heidfeld,,,,,,,,,,,,,,,
108,182012,coulthard,,,,,,,,,,,,,,,
126,182012,raikkonen,,,,,,,,,,,,,,,
144,182012,montoya,,,,,,,,,,,,,,,
162,182012,massa,,,,,,,,,,,,,,,
180,182012,bruni,,,,,,,,,,,,,,,
198,182012,trulli,,,,,,,,,,,,,,,
216,182012,heidfeld,,,,,,,,,,,,,,,
234,182012,zonta,,,,,,,,,,,,,,,
252,182012,sato,,,,,,,,,,,,,,,
270,182012,bruni,,,,,,,,,,,,,,,
288,182012,ralf_schumacher,,,,,,,,,,,,,,,
306,182012,coulthard,,,,,,,,,,,,,,,
324,182012,webber,,,,,,,,,,,,,,,
18,182013,webber,,,,,,,,,,,,,,,
36,182013,heidfeld,,,,,,,,,,,,,,,
54,182013,coulthard,,,,,,,,,,,,,,,
72,182013,matta,,,,,,,,,,,,,,,
90,182013,heidfeld,,,,,,,,,,,,,,,
108,182013,coulthard,,,,,,,,,,,,,,,
126,182013,raikkonen,,,,,,,,,,,,,,,
144,182013,montoya,,,,,,,,,,,,,,,
162,182013,massa,,,,,,,,,,,,,,,
180,182013,bruni,,,,,,,,,,,,,,,
198,182013,trulli,,,,,,,,,,,,,,,
216,182013,heidfeld,,,,,,,,,,,,,,,
234,182013,zonta,,,,,,,,,,,,,,,
252,182013,sato,,,,,,,,,,,,,,,
270,182013,bruni,,,,,,,,,,,,,,,
288,182013,ralf_schumacher,,,,,,,,,,,,,,,
306,182013,coulthard,,,,,,,,,,,,,,,
324,182013,webber,,,,,,,,,,,,,,,
18,182014,webber,,,,,,,,,,,,,,,
36,182014,heidfeld,,,,,,,,,,,,,,,
54,182014,coulthard,,,,,,,,,,,,,,,
72,182014,matta,,,,,,,,,,,,,,,
90,182014,heidfeld,,,,,,,,,,,,,,,
108,182014,coulthard,,,,,,,,,,,,,,,
126,182014,raikkonen,,,,,,,,,,,,,,,
144,182014,montoya,,,,,,,,,,,,,,,
162,182014,massa,,,,,,,,,,,,,,,
180,182014,bruni,,,,,,,,,,,,,,,
198,182014,trulli,,,,,,,,,,,,,,,
216,182014,heidfeld,,,,,,,,,,,,,,,
234,182014,zonta,,,,,,,,,,,,,,,
252,182014,sato,,,,,,,,,,,,,,,
270,182014,bruni,,,,,,,,,,,,,,,
288,182014,ralf_schumacher,,,,,,,,,,,,,,,
306,182014,coulthard,,,,,,,,,,,,,,,
324,182014,webber,,,,,,,,,,,,,,,
18,182015,webber,,,,,,,,,,,,,,,
36,182015,heidfeld,,,,,,,,,,,,,,,
54,182015,coulthard,,,,,,,,,,,,,,,
72,182015,matta,,,,,,,,,,,,,,,
90,182015,heidfeld,,,,,,,,,,,,,,,
108,182015,coulthard,,,,,,,,,,,,,,,
126,182015,raikkonen,,,,,,,,,,,,,,,
144,182015,montoya,,,,,,,,,,,,,,,
162,182015,massa,,,,,,,,,,,,,,,
180,182015,bruni,,,,,,,,,,,,,,,
198,182015,trulli,,,,,,,,,,,,,,,
216,182015,heidfeld,,,,,,,,,,,,,,,
234,182015,zonta,,,,,,,,,,,,,,,
252,182015,sato,,,,,,,,,,,,,,,
270,182015,bruni,,,,,,,,,,,,,,,
288,182015,ralf_schumacher,,,,,,,,,,,,,,,
306,182015,coulthard,,,,,,,,,,,,,,,
324,182015,webber,,,,,,,,,,,,,,,
18,182016,webber,,,,,,,,,,,,,,,
36,182016,heidfeld,,,,,,,,,,,,,,,
54,182016,coulthard,,,,,,,,,,,,,,,
72,182016,matta,,,,,,,,,,,,,,,
90,182016,heidfeld,,,,,,,,,,,,,,,
108,182016,coulthard,,,,,,,,,,,,,,,
126,182016,raikkonen,,,,,,,,,,,,,,,
144,182016,montoya,,,,,,,,,,,,,,,
162,182016,massa,,,,,,,,,,,,,,,
180,182016,bruni,,,,,,,,,,,,,,,
198,182016,trulli,,,,,,,,,,,,,,,
216,182016,heidfeld,,,,,,,,,,,,,,,
234,182016,zonta,,,,,,,,,,,,,,,
252,182016,sato,,,,,,,,,,,,,,,
270,182016,bruni,,,,,,,,,,,,,,,
288,182016,ralf_schumacher,,,,,,,,,,,,,,,
306,182016,coulthard,,,,,,,,,,,,,,,
324,182016,webber,,,,,,,,,,,,,,,
18,182017,webber,,,,,,,,,,,,,,,
36,182017,heidfeld,,,,,,,,,,,,,,,
54,182017,coulthard,,,,,,,,,,,,,,,
72,182017,matta,,,,,,,,,,,,,,,
90,182017,heidfeld,,,,,,,,,,,,,,,
108,182017,coulthard,,,,,,,,,,,,,,,
126,182017,raikkonen,,,,,,,,,,,,,,,
144,182017,montoya,,,,,,,,,,,,,,,
162,182017,massa,,,,,,,,,,,,,,,
180,182017,bruni,,,,,,,,,,,,,,,
198,182017,trulli,,,,,,,,,,,,,,,
216,182017,heidfeld,,,,,,,,,,,,,,,
234,182017,zonta,,,,,,,,,,,,,,,
252,182017,sato,,,,,,,,,,,,,,,
270,182017,bruni,,,,,,,,,,,,,,,
288,182017,ralf_schumacher,,,,,,,,,,,,,,,
306,182017,coulthard,,,,,,,,,,,,,,,
324,182017,webber,,,,,,,,,,,,,,,
18,182018,webber,,,,,,,,,,,,,,,
36,182018,heidfeld,,,,,,,,,,,,,,,
54,182018,coulthard,,,,,,,,,,,,,,,
72,182018,matta,,,,,,,,,,,,,,,
90,182018,heidfeld,,,,,,,,,,,,,,,
108,182018,coulthard,,,,,,,,,,,,,,,
126,182018,raikkonen,,,,,,,,,,,,,,,
144,182018,montoya,,,,,,,,,,,,,,,
162,182018,massa,,,,,,,,,,,,,,,
180,182018,bruni,,,,,,,,,,,,,,,
198,182018,trulli,,,,,,,,,,,,,,,
216,182018,heidfeld,,,,,,,,,,,,,,,
234,182018,zonta,,,,,,,,,,,,,,,
252,182018,sato,,,,,,,,,,,,,,,
270,182018,bruni,,,,,,,,,,,,,,,
288,182018,ralf_schumacher,,,,,,,,,,,,,,,
306,182018,coulthard,,,,,,,,,,,,,,,
324,182018,webber,,,,,,,,,,,,,,,
18,182019,webber,,,,,,,,,,,,,,,
36,182019,heidfeld,,,,,,,,,,,,,,,
54,182019,coulthard,,,,,,,,,,,,,,,
72,182019,matta,,,,,,,,,,,,,,,
90,182019,heidfeld,,,,,,,,,,,,,,,
108,182019,coulthard,,,,,,,,,,,,,,,
126,182019,raikkonen,,,,,,,,,,,,,,,
144,182019,montoya,,,,,,,,,,,,,,,
162,182019,massa,,,,,,,,,,,,,,,
180,182019,bruni,,,,,,,,,,,,,,,
198,182019,trulli,,,,,,,,,,,,,,,
216,182019,heidfeld,,,,,,,,,,,,,,,
234,182019,zonta,,,,,,,,,,,,,,,
252,182019,sato,,,,,,,,,,,,,,,
270,182019,bruni,,,,,,,,,,,,,,,
288,182019,ralf_schumacher,,,,,,,,,,,,,,,
306,182019,coulthard,,,,,,,,,,,,,,,
324,182019,webber,,,,,,,,,,,,,,,
18,182020,webber,,,,,,,,,,,,,,,
36,182020,heidfeld,,,,,,,,,,,,,,,
54,182020,coulthard,,,,,,,,,,,,,,,
72,182020,matta,,,,,,,,,,,,,,,
90,182020,heidfeld,,,,,,,,,,,,,,,
108,182020,coulthard,,,,,,,,,,,,,,,
126,182020,raikkonen,,,,,,,,,,,,,,,
144,182020,montoya,,,,,,,,,,,,,,,
162,182020,massa,,,,,,,,,,,,,,,
180,182020,bruni,,,,,,,,,,,,,,,
198,182020,trulli,,,,,,,,,,,,,,,
216,182020,heidfeld,,,,,,,,,,,,,,,
234,182020,zonta,,,,,,,,,,,,,,,
252,182020,sato,,,,,,,,,,,,,,,
270,182020,bruni,,,,,,,,,,,,,,,
288,182020,ralf_schumacher,,,,,,,,,,,,,,,
306,182020,coulthard,,,,,,,,,,,,,,,
324,182020,webber,,,,,,,,,,,,,,,
18,182021,webber,,,,,,,,,,,,,,,
36,182021,heidfeld,,,,,,,,,,,,,,,
54,182021,coulthard,,,,,,,,,,,,,,,
72,182021,matta,,,,,,,,,,,,,,,
90,182021,heidfeld,,,,,,,,,,,,,,,
108,182021,coulthard,,,,,,,,,,,,,,,
126,182021,raikkonen,,,,,,,,,,,,,,,
144,182021,montoya,,,,,,,,,,,,,,,
162,182021,massa,,,,,,,,,,,,,,,
180,182021,bruni,,,,,,,,,,,,,,,
198,182021,trulli,,,,,,,,,,,,,,,
216,182021,heidfeld,,,,,,,,,,,,,,,
234,182021,zonta,,,,,,,,,,,,,,,
252,182021,sato,,,,,,,,,,,,,,,
270,182021,bruni,,,,,,,,,,,,,,,
288,182021,ralf_schumacher,,,,,,,,,,,,,,,
306,182021,coulthard,,,,,,,,,,,,,,,
324,182021,webber,,,,,,,,,,,,,,,
18,182022,webber,,,,,,,,,,,,,,,
36,182022,heidfeld,,,,,,,,,,,,,,,
54,182022,coulthard,,,,,,,,,,,,,,,
72,182022,matta,,,,,,,,,,,,,,,
90,182022,heidfeld,,,,,,,,,,,,,,,
108,182022,coulthard,,,,,,,,,,,,,,,
126,182022,raikkonen,,,,,,,,,,,,,,,
144,182022,montoya,,,,,,,,,,,,,,,
162,182022,massa,,,,,,,,,,,,,,,
180,182022,bruni,,,,,,,,,,,,,,,
198,182022,trulli,,,,,,,,,,,,,,,
216,182022,heidfeld,,,,,,,,,,,,,,,
234,182022,zonta,,,,,,,,,,,,,,,
252,182022,sato,,,,,,,,,,,,,,,
270,182022,bruni,,,,,,,,,,,,,,,
288,182022,ralf_schumacher,,,,,,,,,,,,,,,
306,182022,coulthard,,,,,,,,,,,,,,,
324,182022,webber,,,,,,,,,,,,,,,
19,192000,heidfeld,,,,,,,,,,,,,,,
38,192000,davidson,,,,,,,,,,,,,,,
57,192000,karthikeyan,,,,,,,,,,,,,,,
76,192000,button,,,,,,,,,,,,,,,
